,timestamp,id,x,y
0,1706537118,9,4.998117779522715,14.998072410417819
1,1706537133,7,NaN,NaN
2,1706537345,7,14.872580587123714,33.253626489736568
3,1706537352,7,NaN,-Inf
4,1706537359,7,NaN,-Inf
5,1706537363,7,NaN,+Inf
6,1706537364,2,15.154865725690030,33.256297829709311
7,1706537371,7,NaN,-Inf
8,1706537373,7,NaN,-Inf
9,1706537380,7,NaN,-Inf
10,1706537384,7,NaN,-Inf
11,1706537386,7,NaN,-Inf
12,1706537410,7,NaN,+Inf
13,1706537414,7,NaN,-Inf
14,1706537425,7,NaN,+Inf
15,1706537433,7,NaN,-Inf
16,1706537439,7,NaN,+Inf
17,1706537443,7,NaN,-Inf
18,1706537451,7,NaN,+Inf
19,1706537457,7,NaN,+Inf
20,1706537468,7,NaN,-Inf
21,1706537481,7,NaN,+Inf
22,1706537485,7,NaN,-Inf
23,1706537489,7,NaN,+Inf
24,1706537502,7,NaN,-Inf
25,1706537531,7,NaN,+Inf
26,1706537538,7,NaN,-Inf
27,1706537539,7,NaN,-Inf
28,1706537545,7,NaN,-Inf
29,1706537548,7,NaN,-Inf
30,1706537552,7,NaN,+Inf
31,1706537555,7,11.161086363379361,37.991629545069060
32,1706537563,7,18.739920757123279,49.379940497366285
33,1706537566,7,18.790126188629770,49.391483910003629
34,1706537568,7,11.192612117250636,37.988531337443803
35,1706537569,7,18.792389261031893,49.430415347035613
36,1706537571,7,18.758651340723517,49.359583930583675
37,1706537573,7,11.040180281024407,37.501086376355460
38,1706537575,7,NaN,+Inf
39,1706537585,7,NaN,+Inf
40,1706537587,7,18.781873364580470,49.414641502358521
41,1706537590,7,NaN,-Inf
42,1706537599,7,11.573558867801783,38.618225224041225
43,1706537607,7,NaN,-Inf
44,1706537612,7,NaN,-Inf
45,1706537613,7,NaN,+Inf
46,1706537616,7,NaN,-Inf
47,1706537623,7,NaN,-Inf
48,1706537631,7,NaN,+Inf
49,1706537636,7,NaN,-Inf
50,1706537641,7,NaN,+Inf
51,1706537647,7,NaN,-Inf
52,1706537651,7,NaN,+Inf
53,1706537655,7,NaN,+Inf
54,1706537666,7,NaN,+Inf
55,1706537675,7,20.725167619114302,47.941103460081379
56,1706537677,7,15.353133060099083,45.942850281167146
57,1706537680,7,18.016375938301280,46.637281953725960
58,1706537681,7,NaN,NaN
59,1706537683,7,-10.804034124247934,25.012480189280815
60,1706537686,7,10.962379258011120,31.555050866427745
61,1706537687,3,NaN,NaN
62,1706537689,7,-26.951403712641508,29.990274872123344
63,1706537692,7,18.749999999999986,47.157476647993875
64,1706537694,7,NaN,NaN
65,1706537696,7,18.873306311740350,33.869816452506605
66,1706537697,7,18.499803538368084,46.980909199321900
67,1706537699,7,-0.572968970608486,25.031348818117142
68,1706537701,7,11.141086073170577,41.361289437701060
69,1706537702,7,-3.030143874357517,25.497338141347793
70,1706537704,7,15.015486572568975,45.773478974924032
71,1706537706,7,18.624604727531349,33.839015127161844
72,1706537707,7,NaN,NaN
73,1706537709,7,-40.106257642863682,25.140251780125649
74,1706537711,7,NaN,NaN
75,1706537712,7,-10.838888857566133,24.995833356825401
76,1706537714,7,-1.476711441175240,25.807979851471138
77,1706537715,7,18.866271578121200,47.231101841795450
78,1706537717,7,19.237488333517497,34.041813676582827
79,1706537718,7,15.013678970750258,33.323821778003023
80,1706537719,7,18.850792428767303,47.596520458903022
81,1706537721,7,11.117612707295605,29.065355769572513
82,1706537722,7,-39.626875899502124,25.204550439198751
83,1706537724,7,14.999999999999972,45.767671510210633
84,1706537727,7,-8.647099905040221,26.552677959422130
85,1706537728,7,NaN,NaN
86,1706537730,7,18.732738305880396,38.101289705296765
87,1706537731,7,15.231442744908151,33.400312146184241
88,1706537733,7,-1.720736958887173,25.788168368500770
89,1706537734,7,15.273955659564418,45.898605702148188
90,1706537737,7,15.404707368241780,46.228677549810421
91,1706537738,7,23.731501416610008,30.635997303279712
92,1706537741,7,-1.505589147886774,25.890151124616359
93,1706537743,7,18.715558392230619,30.012243210616877
94,1706537744,7,3.959679951569633,21.730686306912482
95,1706537745,7,11.222642058499483,41.554897146788129
96,1706537746,7,-27.070326198852115,29.981702844454222
97,1706537748,7,21.148308528563703,34.600996470855698
98,1706537749,7,7.844201154971624,23.472556760902638
99,1706537750,7,11.293359415243929,31.652699677313432
100,1706537752,7,25.969119030134138,38.256791504014032
101,1706537753,7,15.404306756812687,46.212920270438062
102,1706537754,7,19.007011944290376,10.425976236683642
103,1706537756,7,NaN,NaN
104,1706537758,7,18.683649179002074,30.895773877906322
105,1706537759,7,14.996023343516118,22.113245605471683
106,1706537760,7,18.780973145137949,33.878012262868253
107,1706537762,7,34.091933593046150,29.981981019498598
108,1706537763,7,15.410047339352053,46.205201379737517
109,1706537765,7,3.996011254822850,21.720586200355189
110,1706537766,7,15.015486572568989,45.798672394140112
111,1706537768,7,15.481549395965470,46.293817686831161
112,1706537769,7,30.301609452316924,28.551892045407271
113,1706537771,7,3.965156617044720,21.713632537216458
114,1706537772,7,8.444590577813159,25.286636851150622
115,1706537773,7,NaN,NaN
116,1706537774,7,14.718489664033326,44.160622995253668
117,1706537775,7,6.282414226739121,29.365906907778161
118,1706537776,7,NaN,NaN
119,1706537778,7,20.569690166849483,34.177267625137119
120,1706537779,7,34.135785633822280,30.018018980501399
121,1706537781,7,15.000000000000000,44.905953545648529
122,1706537782,7,15.002722848170736,22.823403130035736
123,1706537783,7,20.690255188912825,34.416039644423073
124,1706537784,7,20.690255188912825,34.416039644423073
125,1706537786,7,18.750000000000000,10.595755340376945
126,1706537787,7,15.126589567109743,46.310193035436029
127,1706537788,7,18.804586269691143,37.943830125934959
128,1706537790,7,15.050396214383651,46.714587189876873
129,1706537792,7,NaN,NaN
130,1706537793,7,11.347945684935041,26.154383705480509
131,1706537795,7,18.617612707295592,29.993176716288612
132,1706537797,7,20.628446265680502,34.250440971001211
133,1706537798,7,NaN,NaN
134,1706537800,7,3.839865340356091,21.648263821192387
135,1706537802,7,NaN,NaN
136,1706537803,7,19.578989520641301,21.244579305300093
137,1706537804,7,11.250000000000028,29.989185824095596
138,1706537805,7,34.152592160877482,29.995473836736888
139,1706537806,7,14.958234632676152,42.203374138175406
140,1706537807,7,136.734191033251079,44.918314554877966
141,1706537808,7,30.391182394615868,28.544852200673017
142,1706537810,7,22.555612039320508,29.536541705701815
143,1706537812,7,15.000000000000007,42.162301892808173
144,1706537814,7,15.048972842467508,46.723880900234782
145,1706537816,7,18.811799549269892,18.483849661952419
146,1706537818,7,15.097713667032334,46.592050632363609
147,1706537820,7,19.648823623903411,21.053529128289782
148,1706537821,9,15.308997746349462,33.200361601631720
149,1706537822,7,11.494009844715606,21.495374501457885
150,1706537823,7,39.383610401942320,36.100207801456762
151,1706537824,7,NaN,NaN
152,1706537825,7,NaN,NaN
153,1706537826,7,33.007729804304276,25.485824338307054
154,1706537827,7,NaN,NaN
155,1706537828,7,18.294436637964921,39.434825552910340
156,1706537829,7,NaN,NaN
157,1706537830,7,15.249603785616349,46.375297160787753
158,1706537832,7,39.344173422064927,36.101456644483768
159,1706537833,7,14.552480459918579,43.739126824877786
160,1706537834,7,15.006855725509190,29.528235322546397
161,1706537835,7,NaN,NaN
162,1706537837,7,11.293359415243920,26.100030954440253
163,1706537838,7,15.068557255091900,42.213514921526055
164,1706537839,7,8.994478751831871,39.019896801678961
165,1706537840,7,136.695267050886002,44.907520266194787
166,1706537842,7,14.993160514624870,35.020518456125387
167,1706537843,7,19.205848155988754,37.140281351293623
168,1706537844,7,33.478736466691053,35.000000000000000
169,1706537845,7,NaN,-Inf
170,1706537847,7,8.403158214027592,18.395414927743090
171,1706537848,7,25.343396176500050,28.234905735249928
172,1706537849,7,15.002722848170741,22.808568304761891
173,1706537850,7,NaN,NaN
174,1706537851,7,20.000686257737282,20.002917538363000
175,1706537852,7,18.750000000000000,38.628868384321592
176,1706537854,7,6.734090352149451,32.072613552822418
177,1706537856,7,11.250000000000000,29.062500000000000
178,1706537858,7,14.159810941157478,14.989716411736214
179,1706537859,7,NaN,+Inf
180,1706537860,7,20.276832983791472,19.139534320231629
181,1706537861,7,34.948488718115151,44.941649232740019
182,1706537863,7,6.592732971900272,42.613477543726439
183,1706537864,7,30.155972758895743,40.155972758895750
184,1706537865,7,44.537735546600530,39.975790569415039
185,1706537866,7,3.912419731352962,36.007896857195796
186,1706537868,7,NaN,NaN
187,1706537869,7,7.463469404396664,30.362174278674573
188,1706537870,7,15.003993630855122,16.255990446282688
189,1706537871,7,70.461839132046322,34.868239173710528
190,1706537873,7,NaN,NaN
191,1706537874,7,NaN,NaN
192,1706537875,7,18.503624969227758,21.501343483614800
193,1706537876,7,33.524154364462539,35.010839853810985
194,1706537878,7,5.237249974153912,34.771063571952304
195,1706537879,7,14.567773128730675,13.703319386192021
196,1706537880,7,15.005432796344447,30.000000000000000
197,1706537881,7,15.114232638127053,17.898174478595291
198,1706537882,7,25.012049380744319,14.991831455487794
199,1706537883,7,NaN,-Inf
200,1706537884,7,18.737310985010843,47.194694131096753
201,1706537885,7,15.013678970750259,13.468277684188081
202,1706537886,7,39.420984832670840,36.108458857471341
203,1706537888,7,14.915822532783196,22.780933449793700
204,1706537890,7,17.905608196500346,40.024881557874224
205,1706537892,7,44.567047722161270,39.992671474972575
206,1706537893,7,25.331285707468226,31.772759767029452
207,1706537894,7,NaN,NaN
208,1706537895,7,15.090523265262220,25.000000000000000
209,1706537896,7,-1.971519403834854,31.655854664657095
210,1706537897,7,15.641196033042803,14.880191074346305
211,1706537898,7,30.318211631906358,28.556829361964883
212,1706537899,7,14.687295371151777,44.259996645540681
213,1706537901,7,27.654028556411021,39.006812850384947
214,1706537903,7,11.236288548981598,24.231415454499984
215,1706537904,7,-1.682308925653700,25.829422768586575
216,1706537905,7,NaN,-Inf
217,1706537906,7,NaN,NaN
218,1706537907,7,NaN,+Inf
219,1706537908,7,18.567810212447341,21.445261924798043
220,1706537909,7,NaN,NaN
221,1706537912,7,-0.295405694150432,28.556824288231201
222,1706537924,7,34.050108433135051,31.932125196744074
223,1706537968,7,15.078931647514807,29.974481019498594
224,1706537969,7,11.241348659276468,21.409319057269936
225,1706537970,10,15.154865725690001,33.256455524700314
226,1706537971,7,57.075497387657293,30.001044134183097
227,1706537972,7,34.138616310641538,30.000000000000000
228,1706537974,10,10.985852623886132,47.266085414908545
229,1706537976,7,NaN,NaN
230,1706537978,3,17.423166371578333,32.032548901292870
231,1706537980,2,14.979984431995916,44.406722568341685
232,1706537981,3,23.922485183856594,29.357965515281041
233,1706537982,6,8.627711945348246,39.595783959011186
234,1706537983,10,10.391027635964193,38.927452052001534
235,1706537984,1,37.003271061317029,30.000000000000000
236,1706537985,3,34.069630366099403,30.000000000000000
237,1706537986,1,11.282082307365172,33.867687667990459
238,1706537987,10,28.917988204682604,30.132739336120057
239,1706537989,3,18.719928765982303,29.068476479607664
240,1706537990,3,11.187153490281526,31.693556792966518
241,1706537991,7,NaN,NaN
242,1706537992,10,-1.242756271540735,30.000000000000000
243,1706537993,3,18.733333427301567,30.008397806405359
244,1706537995,10,10.413776038983741,38.758671883048784
245,1706537997,7,NaN,NaN
246,1706537998,7,NaN,NaN
247,1706537999,1,NaN,NaN
248,1706538000,10,9.989484397755870,20.062499647619081
249,1706538001,2,8.569559309690277,39.606226423771908
250,1706538002,3,-27.453542593718517,20.037797160787751
251,1706538003,3,-1.959112956270737,31.655665282796949
252,1706538004,6,NaN,NaN
253,1706538005,7,NaN,NaN
254,1706538006,7,10.372952295849496,38.915331724150676
255,1706538008,7,15.001945025575333,44.368917244128241
256,1706538009,7,18.010042093647048,15.630146514808803
257,1706538010,1,4.412639807463705,31.783876171442298
258,1706538011,10,4.404928043964460,35.940191740262655
259,1706538017,1,11.461683166949442,21.477582097749124
260,1706538018,6,-10.235296746452676,36.311540584785391
261,1706538020,10,-3.527581764556231,31.830058406796553
262,1706538022,6,10.352736901507473,21.079782260171591
263,1706538030,7,21.560158980796672,34.690405989342857
264,1706538032,1,55.636700040408037,15.029244659623055
265,1706538034,3,56.966230124967197,29.974806580783923
266,1706538035,6,-9.349538735654463,36.077376899911584
267,1706538036,10,NaN,NaN
268,1706538038,10,14.919794231587071,20.109522874794813
269,1706538039,3,-4.160181731386828,29.999458007309450
270,1706538040,7,30.488913730588905,25.000000000000000
271,1706538041,6,2.344917636636175,38.976295244256519
272,1706538042,10,14.706746395296937,14.127060710743260
273,1706538043,10,14.974636709033119,24.980220232968211
274,1706538045,3,14.997998443199592,34.996318315484125
275,1706538046,6,-10.249132811695119,36.312825195614330
276,1706538047,2,NaN,NaN
277,1706538048,10,1.109298038052692,29.919984226421278
278,1706538049,3,NaN,NaN
279,1706538050,7,16.672906761307075,20.018720283921226
280,1706538051,10,8.980750081239961,39.021546353112640
281,1706538052,7,30.334299270407342,28.549106775245907
282,1706538054,3,45.682116319063539,25.724543619648820
283,1706538056,3,-10.241968250795765,36.312934904374750
284,1706538058,2,NaN,NaN
285,1706538059,7,12.486993563565470,20.009226066387999
286,1706538060,2,10.357847491614274,38.922668834266346
287,1706538061,10,18.156395762970099,44.475452094008880
288,1706538062,3,14.978855576225929,25.022228409155172
289,1706538063,10,7.439161900515085,30.452637679984356
290,1706538065,6,-40.410926398705101,25.000861040194241
291,1706538067,6,57.044340453835915,29.985377670188473
292,1706538068,10,18.774602843701359,43.123276243838106
293,1706538069,6,14.994972316631159,25.005027683368841
294,1706538070,10,14.973647834742110,37.893523894857807
295,1706538071,2,9.846135114085008,25.010466134455235
296,1706538072,7,18.827801023013265,47.198266961050606
297,1706538073,2,11.263238729270441,21.410568743330742
298,1706538074,7,18.289637796754512,15.083951727447602
299,1706538076,10,17.483575523240880,42.452021196781608
300,1706538078,6,-13.751771761050861,35.004093970226862
301,1706538080,10,14.997371025887153,34.996748043856705
302,1706538081,10,22.950793063461731,36.881748696145365
303,1706538082,3,NaN,NaN
304,1706538083,7,17.906953418891597,15.609546519656494
305,1706538084,6,25.330249418141928,31.760031177267741
306,1706538086,3,18.189571357977453,15.426650959872397
307,1706538087,10,-10.227069875841650,36.309483867132634
308,1706538088,3,18.786209306104922,30.000000000000000
309,1706538089,7,26.014520320209670,36.022488661354792
310,1706538090,6,30.400225825101288,24.996917342206491
311,1706538091,10,-0.347049515269248,28.545842647328232
312,1706538092,2,NaN,NaN
313,1706538093,10,18.185867675155585,15.425262078814194
314,1706538095,7,15.036123531961181,33.316068935118068
315,1706538097,7,NaN,NaN
316,1706538098,3,15.073015249863204,45.784782322499176
317,1706538099,7,21.357010323932528,20.416180349588195
318,1706538100,10,15.000543279634446,33.307693827802488
319,1706538101,6,11.676503302597666,24.979123069360845
320,1706538103,6,38.702984325943774,33.421181698912008
321,1706538105,10,NaN,NaN
322,1706538106,10,10.422859369937974,21.243637471495290
323,1706538107,6,NaN,NaN
324,1706538108,10,9.086608172602411,25.026619252406924
325,1706538109,7,16.960001499335000,14.938051360567778
326,1706538111,7,14.681993125048674,14.105318676241421
327,1706538113,6,14.994567203655551,35.119808925653693
328,1706538114,10,NaN,NaN
329,1706538115,3,NaN,NaN
330,1706538116,10,-7.878649504014113,34.970259899838631
331,1706538118,10,NaN,NaN
332,1706538120,10,11.447084106131831,21.443203269899723
333,1706538122,2,33.372813886769045,27.228950162204008
334,1706538123,2,10.428717295123612,21.239017003081962
335,1706538124,3,21.383362267163051,20.416256888075644
336,1706538125,6,9.853258781261507,24.995114316648383
337,1706538126,10,NaN,NaN
338,1706538127,2,21.374343159847434,20.401133383195315
339,1706538128,6,37.066824870960581,29.985035532637731
340,1706538129,6,NaN,NaN
341,1706538130,7,2.324368867384795,38.998576648842125
342,1706538131,10,8.984732584251958,39.020324122045295
343,1706538132,6,14.169395980151220,15.004093970226833
344,1706538133,6,-1.243321939351311,29.989558658169038
345,1706538134,10,-7.922222190899497,35.000000000000014
346,1706538135,10,24.169363775911222,29.997557158324192
347,1706538136,6,NaN,NaN
348,1706538137,7,NaN,NaN
349,1706538138,2,17.498099563462041,17.499866232887882
350,1706538139,3,11.454186882325303,21.451324285330660
351,1706538140,10,-7.924399743270925,35.000000000000014
352,1706538142,7,11.252735794150052,12.813525922806269
353,1706538143,2,15.005971607558303,14.861791475519254
354,1706538144,10,11.253899287949741,24.198726602113084
355,1706538145,3,NaN,NaN
356,1706538146,6,NaN,NaN
357,1706538147,7,11.503980501110789,21.500033918735042
358,1706538148,7,NaN,NaN
359,1706538149,2,14.987371030363885,33.310605654554585
360,1706538150,7,11.249999999999986,20.626317608262905
361,1706538151,7,17.102535968712278,15.009247973380521
362,1706538153,6,14.980069505377561,16.256665883080156
363,1706538155,7,11.673099243633311,25.002162835180886
364,1706538156,10,7.437375439532275,30.480562240631023
365,1706538157,2,NaN,NaN
366,1706538159,10,18.501341129174392,29.093582358853201
367,1706538161,10,7.422077557484201,30.475325566136732
368,1706538163,6,NaN,NaN
369,1706538164,2,-1.208767395495869,29.995694799028829
370,1706538165,7,NaN,NaN
371,1706538166,3,7.393190488640784,30.477227078982725
372,1706538167,10,NaN,NaN
373,1706538169,3,-15.469151576667386,34.219533260856402
374,1706538171,7,16.233674309615395,18.153481423437949
375,1706538172,2,17.903448844372726,15.644826733440913
376,1706538173,6,19.050712340176403,33.918257256350351
377,1706538175,7,57.061168853894785,29.999140999474385
378,1706538176,2,15.001364656742277,24.938919267674699
379,1706538177,10,-3.732998497572488,28.117296082900758
380,1706538178,6,10.548164196780542,38.605601026472009
381,1706538179,7,37.043778790914956,29.975310404761068
382,1706538180,3,1.024338112587348,30.020833215873029
383,1706538181,10,NaN,NaN
384,1706538183,6,15.125098230815956,37.929520677518596
385,1706538184,2,14.061572508807814,14.900709530471696
386,1706538185,7,21.424923092886303,34.274769278658916
387,1706538186,10,NaN,NaN
388,1706538187,2,5.063270051971291,34.920142242779228
389,1706538188,10,24.770015265897690,34.766134429665577
390,1706538189,3,11.250000000000036,31.614162940411674
391,1706538190,10,NaN,NaN
392,1706538191,2,38.771081732206319,26.566452824788684
393,1706538192,6,133.803500529044356,15.597914838673073
394,1706538193,10,NaN,NaN
395,1706538194,10,14.995833356825393,35.014657050054851
396,1706538195,3,11.267261694119611,29.944297025537928
397,1706538196,7,NaN,NaN
398,1706538197,2,13.372264913536863,30.016259780716474
399,1706538198,3,14.113936536156835,14.952303207600954
400,1706538199,2,14.989533865544766,22.816424800420712
401,1706538200,7,5.163633350299946,34.749144280399662
402,1706538201,3,18.512559361346284,21.487440638653716
403,1706538202,10,9.835852260816523,25.020015568004077
404,1706538203,7,11.435004802821510,21.437167638002403
405,1706538205,10,25.028879059967139,14.970259899838629
406,1706538207,6,7.627163774365865,29.980031845724383
407,1706538208,3,16.256503582719304,18.123112865382627
408,1706538209,10,-27.456362064685933,20.017872385281294
409,1706538210,3,15.006150710925318,45.788169549790986
410,1706538212,3,16.671440062812700,20.024603776701884
411,1706538213,10,7.438676643961983,30.480572192557858
412,1706538214,2,11.223585262388614,10.609282917018295
413,1706538215,1,24.669080853098862,21.286121652792602
414,1706538216,10,NaN,NaN
415,1706538218,6,14.993160514624872,34.920142242779235
416,1706538219,6,17.448386501593372,15.116425086963350
417,1706538220,3,34.154413955377223,30.002716398172222
418,1706538221,1,0,8.830930966261974
419,1706538222,7,18.480805584105006,14.810115649335376
420,1706538223,10,3.951123666661587,36.060016928230823
421,1706538224,2,NaN,NaN
422,1706538225,3,11.485273261936506,21.485273261936509
423,1706538226,6,NaN,NaN
424,1706538227,7,11.232738305880417,38.586980645541132
425,1706538228,2,17.900896588612532,15.644570844825099
426,1706538229,3,-0.335223846109272,28.554004731001292
427,1706538230,10,6.042187683195284,29.986385759146327
428,1706538231,7,14.994972316631159,19.972907351029157
429,1706538232,3,4.985417934012361,35.019826113868042
430,1706538233,6,NaN,NaN
431,1706538234,2,NaN,NaN
432,1706538235,7,10.437256870174139,38.780691467962541
433,1706538237,6,45.559555964269634,25.757265881216945
434,1706538239,6,7.431238064372593,30.481871405216541
435,1706538241,7,8.620926753772061,39.580940968123890
436,1706538242,2,45.511395734426259,25.727050661073385
437,1706538243,7,14.958333568253948,25.081432996584887
438,1706538245,7,7.200222602426635,30.506904503067808
439,1706538246,6,18.394972261014793,14.941649232740030
440,1706538248,3,22.216317911294233,36.459069383218086
441,1706538249,6,11.236288548981605,33.870698328497980
442,1706538250,2,10.435922267798531,21.260921590117988
443,1706538251,3,17.031171486134806,14.875000704761842
444,1706538252,6,18.182492390832827,44.513288560799317
445,1706538253,7,11.223585262388582,30.005298657628988
446,1706538254,6,17.915164294534115,15.638530270955441
447,1706538255,6,45.376969549842421,34.216304360128021
448,1706538256,3,15.004968452842558,30.002577001576846
449,1706538257,7,10.418844945203261,38.751633708902446
450,1706538258,2,18.505365846622055,21.498800796552555
451,1706538259,3,14.924821914955928,45.759174301944469
452,1706538260,3,NaN,NaN
453,1706538261,7,NaN,NaN
454,1706538262,7,15.003880836232113,22.813955313587041
455,1706538263,6,21.595207081650489,18.405476866887025
456,1706538265,7,11.238549612021432,10.610407538614851
457,1706538266,2,38.769430165966128,26.507084652964387
458,1706538267,6,15.279889565978037,15.825011647879258
459,1706538269,6,11.228268814622201,10.631931469820145
460,1706538270,2,38.686904621291745,33.429613077661458
461,1706538271,7,38.755011844078837,26.561873519490145
462,1706538272,3,11.265523344928468,24.210018118477745
463,1706538273,6,10.012371941504561,20.012371941504561
464,1706538275,7,NaN,NaN
465,1706538277,3,11.668097454345776,24.999316051462486
466,1706538278,6,23.415541575194322,17.375225404227358
467,1706538279,7,12.079846438818159,20.001840842257934
468,1706538281,3,NaN,NaN
469,1706538282,6,NaN,NaN
470,1706538283,7,21.604671689893852,18.393326753305740
471,1706538284,6,16.243341366788837,18.138635451444951
472,1706538286,7,34.229513176385147,30.023567441144433
473,1706538288,2,33.423259950211403,27.207248170259508
474,1706538289,2,14.916864538937880,45.622991253356574
475,1706538290,6,11.224980353836809,29.995843226946892
476,1706538291,7,40.839235256137428,24.996865118188285
477,1706538292,2,NaN,NaN
478,1706538293,3,14.895675754642681,22.114128498890583
479,1706538294,6,NaN,NaN
480,1706538295,7,8.874625501741036,7.078688824416830
481,1706538296,3,15.000342786275461,24.990807924649872
482,1706538297,7,11.237310985010838,29.981702844454226
483,1706538298,6,NaN,NaN
484,1706538299,7,11.414117847209809,30.015674409058580
485,1706538300,2,33.130635223542924,27.273510602313284
486,1706538301,6,15.001945025575331,29.994594305849581
487,1706538302,7,6.249932430981985,29.371007383300185
488,1706538303,2,NaN,NaN
489,1706538304,3,5.163126366892101,34.757667193776300
490,1706538305,6,11.224980353836813,20.645779412436447
491,1706538307,6,20.823668931194860,24.988427862754595
492,1706538308,7,10.418434965026403,21.250007899177707
493,1706538309,7,14.997371025887155,20.007780397342014
494,1706538311,3,NaN,NaN
495,1706538312,6,NaN,NaN
496,1706538313,7,13.354885795684329,29.939188659799072
497,1706538314,2,17.943693928978199,15.645270446733639
498,1706538315,3,34.190149484388279,30.005141794131895
499,1706538316,2,NaN,NaN
500,1706538317,6,15.002162835180883,16.253244252771328
501,1706538318,2,23.407937891798760,17.390670163878710
502,1706538319,6,14.995781132807187,24.980069505377564
503,1706538320,3,NaN,NaN
504,1706538321,6,57.083343811643040,29.997515773578719
505,1706538322,3,14.691798890710256,14.095207725339320
506,1706538323,7,-7.493876393180528,29.999458007309446
507,1706538324,2,21.571587460346151,34.709608377884770
508,1706538325,6,15.009052326526223,22.104283066329003
509,1706538327,7,11.253899287949741,29.984693558368978
510,1706538329,3,34.171706288105028,29.996220283921229
511,1706538330,2,17.501472673806347,17.499263663096826
512,1706538331,6,5.004777442229265,34.993995329598782
513,1706538332,3,11.665369982949777,25.001945025575331
514,1706538333,6,20.001228250427829,29.998708439708651
515,1706538334,7,-1.235976181018778,29.983898611828991
516,1706538335,7,5.833293711894971,29.992500000000000
517,1706538337,2,11.674375830903525,34.986389268531298
518,1706538338,3,16.252519810719186,18.121220283921225
519,1706538339,7,11.251233063117402,10.627433102348704
520,1706538340,3,-4.036715750490345,29.947629545162609
521,1706538341,7,18.220753017563464,15.395687217899324
522,1706538342,3,11.251987381137022,20.619986498712304
523,1706538344,6,18.500929194354143,21.499070805645861
524,1706538346,7,11.250000000000000,10.623101156493354
525,1706538347,7,9.992747039196892,19.995376013309738
526,1706538348,7,14.987519810719178,22.106389184364172
527,1706538350,6,24.160436524481597,29.992500000000000
528,1706538351,7,16.246660103594795,18.126126668568155
529,1706538352,7,18.321863311665922,24.995684576470094
530,1706538353,3,NaN,NaN
531,1706538354,6,45.695623048979542,34.299566740262655
532,1706538355,2,11.260515896451382,21.851339232984390
533,1706538356,3,18.356067179719727,14.950250593616811
534,1706538357,2,-7.917814720259010,35.000000000000021
535,1706538359,3,NaN,NaN
536,1706538360,2,26.066948796365899,36.071115439540506
537,1706538361,7,20.811414161560414,24.986827547283021
538,1706538363,6,15.008610401942352,45.778021099271633
539,1706538372,7,14.992698475013677,16.335656041546560
540,1706538374,6,14.996865118188284,16.247142890560024
541,1706538375,7,17.908666405124659,15.634082853950014
542,1706538376,2,NaN,NaN
543,1706538377,2,6.258249074728386,29.371874361287944
544,1706538378,6,11.215558392230626,31.592060539785603
545,1706538380,7,NaN,NaN
546,1706538381,7,NaN,NaN
547,1706538382,7,14.997007106527548,32.700978670910501
548,1706538384,3,21.347564922038064,20.394899757916544
549,1706538385,6,22.169598509443162,36.523878578436012
550,1706538386,2,14.984288372570377,24.978855576225929
551,1706538387,3,57.047302469659471,29.983244173350979
552,1706538388,6,2.516106731304006,35.014657050054851
553,1706538389,7,15.001945025575333,22.817163504321542
554,1706538390,6,14.992310391390468,13.436036884749054
555,1706538392,3,21.574074074074076,34.722222222222221
556,1706538394,6,NaN,NaN
557,1706538395,2,14.942001925468205,16.169491393744956
558,1706538396,7,17.495675444679662,17.502162277660169
559,1706538397,3,14.977771590844824,22.111996418178073
560,1706538398,7,14.985974821987412,33.306188669894347
561,1706538399,2,11.250000000000000,10.625000000000000
562,1706538400,6,11.211007120502671,38.589811164905754
563,1706538402,7,11.387114510183849,31.589863807242892
564,1706538403,2,18.501300782457314,21.498699217542679
565,1706538404,2,10.416863650424958,21.230072495149489
566,1706538405,2,NaN,NaN
567,1706538406,7,10.412378204594994,38.736317518991015
568,1706538407,6,NaN,NaN
569,1706538409,6,14.991911028304912,33.310709557413340
570,1706538410,6,15.140251780125645,29.751985820586810
571,1706538411,7,12.102969713014463,19.974806580783923
572,1706538412,6,11.299089126878307,41.583617643475876
573,1706538413,7,NaN,NaN
574,1706538414,3,12.094157309935937,19.952416193790647
575,1706538415,7,16.666666666666664,20.000000000000000
576,1706538416,7,30.092046260495763,40.082298040621410
577,1706538418,6,10.418948027399694,21.240545693165732
578,1706538420,6,-3.758029841814448,31.873147914273630
579,1706538421,6,45.587380120685168,34.325604784554585
580,1706538422,7,25.334970080281007,31.757493804264726
581,1706538424,6,14.995564849289099,14.982600577640460
582,1706538426,6,26.020055102884740,36.026205813810073
583,1706538428,3,NaN,NaN
584,1706538429,7,57.036011651358962,29.985221334314378
585,1706538430,6,NaN,NaN
586,1706538432,2,-11.204686496413814,24.888594051075856
587,1706538433,7,11.284441607769395,47.143260371593598
588,1706538434,3,6.249143286359562,29.367037097080132
589,1706538435,6,1.434677477451828,34.390442652630597
590,1706538436,6,14.995256583509747,20.002917538363000
591,1706538437,6,38.746895331014308,33.435171498260736
592,1706538438,2,NaN,NaN
593,1706538439,7,16.243089573775961,18.128455213112019
594,1706538440,7,NaN,NaN
595,1706538441,7,7.427893815717743,30.476790760247621
596,1706538442,3,NaN,NaN
597,1706538443,3,7.645655710214859,29.960869628581200
598,1706538444,2,30.377508979498916,24.974420425515024
599,1706538445,7,15.245905788684345,15.814456089507965
600,1706538447,7,5.809260415392698,30.011587415488101
601,1706538448,6,23.393448274521003,17.363908263325424
602,1706538449,7,14.950315471574417,45.000000000000000
603,1706538451,6,-17.644494127844510,35.054185297941693
604,1706538452,6,7.342331510347940,29.862445488431490
605,1706538453,2,NaN,NaN
606,1706538454,7,NaN,NaN
607,1706538456,6,7.674161129454211,29.960165706614866
608,1706538457,2,14.995781132807187,32.739307363384384
609,1706538458,7,15.008849289074671,24.996119163767890
610,1706538460,6,10.366113829533063,38.933056914766532
611,1706538461,7,15.019930494622443,22.814166470770040
612,1706538462,6,5.785824333869940,29.988075801900244
613,1706538463,6,15.024486421233753,22.803317592037342
614,1706538464,3,NaN,NaN
615,1706538465,6,12.074418061474947,20.000000000000004
616,1706538467,7,NaN,NaN
617,1706538468,2,18.191368294599922,15.420918804625391
618,1706538469,6,11.250000000000000,38.224290469528299
619,1706538471,6,2.446682721260302,34.975059361681382
620,1706538472,7,7.644316461393586,29.993759905359592
621,1706538473,3,NaN,NaN
622,1706538474,3,11.283670986886719,47.163061679286628
623,1706538475,6,3.967727013280530,36.029644012606617
624,1706538476,7,10.003404099599194,39.969976647993882
625,1706538477,6,14.996690317682388,33.302402460544670
626,1706538478,7,17.921012683509012,15.622424435905753
627,1706538479,3,13.334593238692923,29.996220283921229
628,1706538480,6,14.997509874864431,20.002488155787422
629,1706538481,2,NaN,NaN
630,1706538482,6,57.089794712987626,29.989427788112963
631,1706538483,7,16.247896223298117,18.126051888350943
632,1706538485,6,14.990947673473784,22.810941859145199
633,1706538487,6,21.574815921574057,18.413611941180541
634,1706538488,7,34.165921140423819,29.999096911700970
635,1706538489,7,11.257780102301339,39.376399926015104
636,1706538491,3,14.950315471574413,22.782361212133811
637,1706538493,6,NaN,NaN
638,1706538494,3,5.831198507777302,29.998432559094145
639,1706538496,6,NaN,NaN
640,1706538497,2,23.411326971386430,17.377357798449456
641,1706538498,7,17.499854342613610,42.498268400781853
642,1706538499,3,NaN,NaN
643,1706538500,6,17.892292249990792,15.643280812506907
644,1706538501,2,-10.833333333333336,25.000000000000000
645,1706538503,10,30.126634264041392,19.878611228933000
646,1706538505,7,45.623319872284533,34.295664205635362
647,1706538507,10,NaN,NaN
648,1706538509,10,NaN,NaN
649,1706538510,2,11.244541373030891,20.617697766327115
650,1706538511,3,30.109464331251388,40.117777877357582
651,1706538513,7,NaN,NaN
652,1706538514,3,4.999515396525933,44.998370161096659
653,1706538515,10,18.190900086018246,15.423205771718425
654,1706538517,6,NaN,NaN
655,1706538518,7,11.246555839223062,21.872820314795277
656,1706538519,2,24.159495618997553,30.001224321061684
657,1706538520,10,23.411326971386430,17.377357798449456
658,1706538521,3,NaN,NaN
659,1706538522,7,NaN,NaN
660,1706538523,3,56.747858428540397,29.935126724766693
661,1706538524,10,-10.836874455602192,25.004885683351617
662,1706538526,7,-1.245984456286806,29.995043316639773
663,1706538527,10,8.979010134781106,39.007636401628780
664,1706538528,6,NaN,NaN
665,1706538529,6,11.092136704970432,37.888205057455671
666,1706538530,3,NaN,NaN
667,1706538531,10,-0.303810613461081,28.551836439773744
668,1706538533,3,NaN,NaN
669,1706538534,2,NaN,NaN
670,1706538535,6,5.710513900558340,29.989765074432910
671,1706538536,10,15.262769953485616,44.174249571700720
672,1706538537,6,11.283670986886719,10.680219968558966
673,1706538538,10,16.664249697523992,20.005405694150419
674,1706538539,3,38.726766455155300,33.434595806894414
675,1706538540,6,12.027613120069176,20.031324025492886
676,1706538541,7,NaN,NaN
677,1706538542,2,9.997415158306968,20.007328525027425
678,1706538543,3,-3.927108652002801,29.896410293344204
679,1706538544,6,15.816112529448645,45.000000000000000
680,1706538545,10,1.699901204371578,39.956398158204550
681,1706538546,2,8.996109625530988,39.005835561703520
682,1706538547,10,56.726384881796321,30.115447246747021
683,1706538549,10,11.254335941524388,21.871079208296123
684,1706538550,2,NaN,NaN
685,1706538551,6,30.100013929491716,40.093863218566383
686,1706538552,6,NaN,NaN
687,1706538553,10,21.574074074074069,25.277777777777779
688,1706538554,3,11.247826881462217,12.813255000716618
689,1706538555,7,22.180097272100653,36.543543772445304
690,1706538556,2,40.901864860840121,24.967009776949265
691,1706538557,10,17.508025237725956,42.493981071705541
692,1706538559,2,17.526785389806264,42.517708118433035
693,1706538560,6,NaN,NaN
694,1706538561,10,NaN,NaN
695,1706538562,10,12.084865059962016,40.011614929426742
696,1706538563,3,NaN,NaN
697,1706538564,7,9.857369890345922,25.008417746721680
698,1706538566,10,NaN,NaN
699,1706538568,3,NaN,NaN
700,1706538570,7,18.194023782551490,15.415004186383195
701,1706538571,10,11.230457266593532,21.377451997512757
702,1706538572,7,11.259794568493501,10.648279643724180
703,1706538573,10,2.493723190237120,34.996318315484110
704,1706538574,2,17.471828790991275,42.501364282813121
705,1706538575,10,21.602664457165261,18.399015104115811
706,1706538577,10,3.887914192223448,36.091203124114635
707,1706538579,10,14.987727718280425,45.036816845158725
708,1706538581,6,16.246264812296648,18.126867593851678
709,1706538582,6,15.749089222852568,44.974168794172968
710,1706538583,10,17.919329087236740,15.626996815427567
711,1706538584,10,15.275962545663955,15.827887636991864
712,1706538585,6,11.318720042049193,29.960869628581200
713,1706538586,7,5.028597482198748,44.954999999999998
714,1706538587,2,12.097208983753353,19.981279716078774
715,1706538588,10,20.838588850344976,24.989968452842557
716,1706538589,2,34.156966573302221,29.994701342371012
717,1706538590,10,NaN,NaN
718,1706538591,6,15.306874744743398,44.318426000123523
719,1706538592,10,11.253444160776951,39.376038131850962
720,1706538594,3,NaN,NaN
721,1706538595,3,11.249999999999986,21.409976339631918
722,1706538596,10,10.008477319998940,39.981056545545826
723,1706538598,6,11.252173118537780,10.630582663692019
724,1706538599,7,26.069501364442978,36.067052722319602
725,1706538600,2,10.409529152298092,38.752960410329770
726,1706538601,10,40.849234015568769,24.992698475013679
727,1706538602,6,NaN,NaN
728,1706538603,7,14.993313546106208,25.001718001051231
729,1706538604,6,15.015711627429617,22.805149370532394
730,1706538605,10,11.250000000000000,39.379166643174607
731,1706538606,3,14.165662579043914,14.997677014114652
732,1706538607,3,NaN,NaN
733,1706538608,6,-14.512170576501980,39.958024136276208
734,1706538609,10,NaN,NaN
735,1706538610,7,15.006254911540797,24.991779267478666
736,1706538611,10,16.667126577972979,39.992131760538413
737,1706538613,6,24.154450520201607,30.000000000000000
738,1706538615,10,11.187153490281503,47.209441463072793
739,1706538616,3,11.495737756524903,21.499047438842513
740,1706538617,7,NaN,NaN
741,1706538618,10,-7.486823694505375,29.996404740725144
742,1706538619,6,23.394134896583012,17.395523721513481
743,1706538620,7,NaN,NaN
744,1706538621,3,17.493522822778957,17.497526956704171
745,1706538622,10,7.775219586423901,29.934639313772973
746,1706538624,10,26.043824245123233,36.039287334633663
747,1706538626,2,5.844492134265792,29.998286068622701
748,1706538627,7,-5.030932322056792,45.018452132775977
749,1706538629,7,14.996006369144876,19.997422998423154
750,1706538630,3,11.435851700954586,21.441097193928986
751,1706538631,7,15.010466134455235,29.973515020492567
752,1706538632,2,30.067936953913343,40.072964637282183
753,1706538633,7,14.991150710925325,13.433787499156301
754,1706538634,10,-17.463826754439950,34.982085177325096
755,1706538635,3,18.192428039782413,44.577284119347240
756,1706538636,6,NaN,NaN
757,1706538637,6,7.406268273287083,30.477046723151549
758,1706538639,3,11.672161303334544,34.969905358527669
759,1706538640,2,NaN,NaN
760,1706538641,6,NaN,NaN
761,1706538642,6,NaN,NaN
762,1706538643,10,15.271074199952665,44.171694350035509
763,1706538644,2,NaN,NaN
764,1706538645,10,14.998565302931267,29.991644553830689
765,1706538646,2,18.189019361061106,44.570846774074148
766,1706538647,7,14.696425778257861,14.101777264297411
767,1706538648,3,21.095183873730335,25.422742538989429
768,1706538649,6,5.195057256237476,34.763605016180705
769,1706538650,3,NaN,NaN
770,1706538651,7,10.002748906760218,20.004293895491962
771,1706538652,6,11.117612707295605,37.977959092480297
772,1706538653,10,21.538893286050470,34.616679858151414
773,1706538654,2,NaN,NaN
774,1706538655,3,-3.699049026168296,31.830183085223378
775,1706538656,2,NaN,NaN
776,1706538657,7,9.856757969558451,25.002448642123372
777,1706538658,6,NaN,NaN
778,1706538659,10,57.067030461118279,30.005298657628988
779,1706538660,3,14.997371025887153,34.996748043856705
780,1706538661,10,14.987596508143973,16.253948187729186
781,1706538662,2,6.207355897775443,30.629249095187628
782,1706538663,6,15.264196273830720,44.184181319654392
783,1706538664,6,14.996865118188284,24.992698475013679
784,1706538665,10,11.502103031602530,33.800536105864438
785,1706538667,7,15.245010247504673,44.143346577084081
786,1706538668,2,14.994416476064908,13.480157570326281
787,1706538669,10,NaN,NaN
788,1706538671,3,11.669420508418028,34.984916949893474
789,1706538672,10,11.255270433051578,24.212790158267143
790,1706538673,6,10.369472643750846,38.766780193768220
791,1706538674,10,-44.166666666666671,45.000000000000000
792,1706538675,10,11.257224706392225,12.815209264897083
793,1706538676,10,NaN,NaN
794,1706538677,7,23.417446524256619,17.375292446596230
795,1706538678,10,-27.504011025231122,19.998537767018867
796,1706538679,2,10.007930864398737,20.011811700630851
797,1706538680,6,NaN,NaN
798,1706538682,3,-1.223044138383152,29.995125890062823
799,1706538683,7,14.985431542352991,16.224358622638654
800,1706538684,6,NaN,NaN
801,1706538685,7,NaN,NaN
802,1706538686,10,45.604940638318631,25.705632420210172
803,1706538687,10,15.002722848170736,25.007743286284498
804,1706538688,2,-0.309098531521272,28.554570690869291
805,1706538689,10,11.209873811370230,20.657543283595704
806,1706538691,3,20.000133842097355,29.990117938028288
807,1706538692,6,34.146882992338888,30.010543860253868
808,1706538693,10,NaN,NaN
809,1706538694,10,10.917458155751490,41.094566752108463
810,1706538695,2,15.281465609794296,15.822825273733717
811,1706538696,6,-44.375208262900074,45.040939702268339
812,1706538697,2,10.034045453229787,39.862118869748052
813,1706538698,10,NaN,NaN
814,1706538700,6,57.098586528795920,30.003672963185060
815,1706538701,6,NaN,NaN
816,1706538702,2,-23.744778698643088,44.081613502138609
817,1706538703,10,14.990319356314709,45.736251651591829
818,1706538704,2,17.388203865891416,15.115618010000635
819,1706538705,6,NaN,NaN
820,1706538706,3,NaN,NaN
821,1706538707,10,NaN,NaN
822,1706538708,3,-7.930800995497279,35.009516761241869
823,1706538709,10,10.400408782117168,21.257877989882228
824,1706538710,2,11.410792428767309,12.933094321575481
825,1706538711,7,11.347945684935031,38.186040617563279
826,1706538712,10,20.010587854975412,29.988047488282312
827,1706538713,3,9.990099001950547,40.006473135294854
828,1706538714,6,7.401037380569988,29.523184873542419
829,1706538715,2,NaN,NaN
830,1706538716,3,NaN,NaN
831,1706538717,2,11.438475222110768,21.445776747097089
832,1706538718,6,5.156922170891182,34.773842810051228
833,1706538719,3,11.433575125414558,38.583604885097742
834,1706538720,10,NaN,NaN
835,1706538722,6,12.556234697584577,19.931946342656481
836,1706538723,10,25.955046974035941,21.786839751854000
837,1706538724,2,5.399149300625069,34.984916949893474
838,1706538725,3,11.232738305880446,29.992826514656333
839,1706538726,6,18.172151470832034,15.445658678595555
840,1706538727,10,5.011934201884117,34.985342949945149
841,1706538728,7,0.983417005053802,29.996698157798576
842,1706538729,10,-14.591772637807317,20.000000000000000
843,1706538730,10,18.348132383405407,14.970259899838629
844,1706538732,7,NaN,NaN
845,1706538734,10,18.195050958552123,15.414847124343629
846,1706538736,3,NaN,NaN
847,1706538737,6,11.435038517618821,21.448379747093870
848,1706538738,10,10.351482556226145,38.925741278113065
849,1706538739,2,6.266627252929027,29.380153762078795
850,1706538740,6,17.472854292523209,42.493266631636743
851,1706538741,3,20.838646136698195,25.002992893472456
852,1706538742,3,NaN,NaN
853,1706538744,10,16.240810466532920,18.124161970389089
854,1706538746,10,NaN,NaN
855,1706538747,3,-7.497374266219907,30.001996815427560
856,1706538749,2,23.406088227436204,17.375997608764994
857,1706538750,7,NaN,NaN
858,1706538751,10,15.298053442598563,44.078682692625641
859,1706538752,6,7.666766893114286,29.801167175805819
860,1706538753,10,-44.069070911680186,44.962113091091645
861,1706538754,7,NaN,NaN
862,1706538755,7,NaN,NaN
863,1706538756,3,11.252735794150048,20.624175382559422
864,1706538757,10,26.070380656503602,36.074261492735715
865,1706538758,6,18.306031705434744,15.056651643530737
866,1706538760,10,10.417239718573736,21.247625185494368
867,1706538762,6,5.242407914199639,34.761019948554960
868,1706538764,10,74.257189931928892,14.972843020421333
869,1706538765,10,NaN,NaN
870,1706538766,7,-27.485086231038245,39.990094473395743
871,1706538768,3,14.715117736776730,45.900996451622255
872,1706538769,6,NaN,NaN
873,1706538770,2,18.325587028012286,24.996572137245401
874,1706538771,10,45.597921719271383,25.702353012037968
875,1706538772,2,NaN,NaN
876,1706538773,7,NaN,NaN
877,1706538775,10,NaN,NaN
878,1706538776,2,15.015898930799683,15.059339301095381
879,1706538777,7,21.099041342409485,25.425718993192888
880,1706538778,2,17.052928188264232,14.962113091091656
881,1706538779,10,-3.757991127571714,28.128995563785857
882,1706538781,7,14.991686453893784,25.003427862754599
883,1706538782,10,-0.305729649107306,28.554851465490447
884,1706538783,7,10.355414796936937,38.923826562236357
885,1706538784,10,22.191122967747418,23.449860955611218
886,1706538785,2,NaN,NaN
887,1706538787,3,7.412853585966729,29.523212514199017
888,1706538788,7,5.229402425431875,34.783077763848958
889,1706538789,2,NaN,NaN
890,1706538791,10,22.187280232529744,23.448442890674542
891,1706538793,3,13.332604423034827,29.987529680840680
892,1706538794,7,NaN,NaN
893,1706538795,6,NaN,NaN
894,1706538796,7,12.046289943825435,20.028325821765371
895,1706538797,10,11.314012618863003,39.412977916989803
896,1706538799,6,NaN,NaN
897,1706538800,10,15.001658770524948,30.057809005000319
898,1706538801,6,NaN,NaN
899,1706538802,10,NaN,NaN
900,1706538803,6,11.250000000000000,39.382968341145123
901,1706538805,10,5.140635160277395,34.790888101841844
902,1706538806,10,18.327103379531273,24.962321703527358
903,1706538807,3,11.196635082099746,41.500623625104282
904,1706538808,7,21.114429331777259,25.416489994512190
905,1706538809,2,-0.317175959226233,28.555417492153147
906,1706538810,10,30.086456034149396,19.925816247570179
907,1706538812,10,NaN,NaN
908,1706538813,6,33.370215939190238,27.234973007601219
909,1706538814,10,34.115860800437289,29.978905664035931
910,1706538815,3,NaN,NaN
911,1706538816,10,14.321419993640845,45.043040912062040
912,1706538818,3,18.196864753929539,44.582425717276422
913,1706538819,7,21.390381648460888,20.412380542195244
914,1706538820,6,NaN,NaN
915,1706538821,7,NaN,NaN
916,1706538822,10,14.997837164819119,25.008313546106212
917,1706538823,3,14.666873739098406,45.913500872865527
918,1706538825,7,30.182899415737396,19.853138545265416
919,1706538826,10,15.022738416174803,32.762336770062518
920,1706538827,10,14.316290967214162,45.021571555649167
921,1706538828,10,NaN,NaN
922,1706538829,3,-4.996594152250871,44.993511494457366
923,1706538830,6,11.250000000000000,21.396367938028288
924,1706538831,2,11.236288548981598,41.547074617604302
925,1706538832,10,7.424865109715000,29.522540467085513
926,1706538834,10,NaN,NaN
927,1706538835,10,45.604968191861857,25.700754866080093
928,1706538836,6,6.258797144444848,29.380256416108711
929,1706538837,7,11.513425210036820,38.525114126630072
930,1706538838,10,11.177752936077795,24.263159735982875
931,1706538839,10,11.689343123191463,24.989160146189018
932,1706538840,2,NaN,NaN
933,1706538841,10,8.602395836722934,39.590584990567415
934,1706538842,7,-17.581736861194059,35.037440567842438
935,1706538843,10,56.844753705384448,30.093247076559607
936,1706538844,3,10.351563094373418,38.932810787355955
937,1706538845,3,15.000000000000000,45.000000000000000
938,1706538846,7,NaN,NaN
939,1706538848,3,NaN,NaN
940,1706538849,3,11.280071234017655,39.394470767719731
941,1706538850,10,11.300515878544461,28.339738244457841
942,1706538851,6,40.788309647895581,25.028625969946422
943,1706538852,7,33.384959624442587,27.237862227028277
944,1706538853,3,11.219026854862022,24.236172394140116
945,1706538854,10,12.479940638318652,39.989970319159326
946,1706538855,6,14.998916014618885,45.782948054809268
947,1706538856,10,25.374432689947866,31.768608122859749
948,1706538857,6,11.255270433051585,33.878934115294598
949,1706538859,6,57.169355652179078,30.024259075141813
950,1706538860,10,NaN,NaN
951,1706538863,10,15.760425688101172,44.941025370583908
952,1706538864,6,11.234213670497047,38.185272233193174
953,1706538866,10,14.989402684742029,34.980188946791465
954,1706538868,6,NaN,NaN
955,1706538869,10,18.191953456209518,44.590517418683348
956,1706538870,3,12.350489913091906,39.928848752646232
957,1706538871,10,-4.891301052106471,44.890217066725370
958,1706538872,2,11.223585262388610,47.207311053208535
959,1706538873,7,8.645833098412936,39.625074025492559
960,1706538874,3,15.021144423774064,45.811365777535045
961,1706538875,6,11.227665904259629,30.020406589142180
962,1706538876,7,11.233783642613101,38.103927420062952
963,1706538877,10,10.284762782921561,21.043365622466620
964,1706538878,3,14.988859405107585,44.939953295987777
965,1706538879,6,9.480245522549144,34.143052425735576
966,1706538880,6,NaN,NaN
967,1706538882,7,38.751500189612472,33.441202143786178
968,1706538883,7,17.841687159213439,15.756412715634012
969,1706538884,10,11.220793900054710,33.883761829983584
970,1706538886,7,10.357142857142858,21.071428571428573
971,1706538888,10,33.213844439625490,27.284377482838323
972,1706538890,6,11.109081382602950,37.838027752328969
973,1706538892,3,30.428201787631352,25.002162835180879
974,1706538893,6,18.190740761622592,44.584722214391533
975,1706538894,3,NaN,NaN
976,1706538895,7,40.832097632768637,25.002088268366194
977,1706538896,6,11.256872004204919,29.998918582409559
978,1706538898,7,26.040525863735720,21.714212713285917
979,1706538899,10,10.347687700362812,38.943990628321913
980,1706538900,3,3.924954583796861,36.068715937847649
981,1706538902,6,3.930952367528342,36.073214275646258
982,1706538903,3,22.147454468075779,23.449522712764210
983,1706538905,3,17.497918806277916,42.506702689423456
984,1706538907,10,3.913070941138841,36.076897511703713
985,1706538909,7,11.248045726659347,47.190127197948165
986,1706538910,3,3.931707685657727,36.069837303074024
987,1706538911,10,40.846325465130946,24.997371025887158
988,1706538913,6,17.550000462270020,17.468396084462146
989,1706538914,2,7.657319672499426,29.991706147375258
990,1706538915,6,4.366063066125292,35.940999874207776
991,1706538916,7,14.222705391229642,44.914122090160774
992,1706538918,10,34.165636674178842,30.000772494365872
993,1706538919,2,11.246674581557516,33.890846557457358
994,1706538920,10,11.248273830588035,38.596776503839955
995,1706538922,3,15.031156162896497,45.813168280709270
996,1706538923,6,17.503828465334450,42.504996890460731
997,1706538924,3,NaN,NaN
998,1706538926,7,11.266666572698433,41.578672892708894
999,1706538927,10,57.736068846138494,30.149833641969629
1000,1706538928,7,11.254335941524339,41.562619553593962
1001,1706538930,6,11.278762074198887,33.880225047349974
1002,1706538931,6,57.201445280957927,29.985377670188473
1003,1706538932,10,NaN,NaN
1004,1706538934,6,9.399915780801905,34.153439626118761
1005,1706538936,3,14.996827746252709,35.023905023435375
1006,1706538937,6,NaN,NaN
1007,1706538938,7,NaN,NaN
1008,1706538942,3,2.452604748499226,34.981547867224002
1009,1706538944,10,8.609792455063463,39.589935304095071
1010,1706538945,3,57.891402647936687,30.147786656856209
1011,1706538947,2,NaN,NaN
1012,1706538953,10,11.422150629342326,39.507464137336548
1013,1706538955,7,11.438059894191639,38.559777270627492
1014,1706538956,10,14.972016090850799,35.150830501065194
1015,1706538957,6,11.193899287949776,47.207075534037678
1016,1706538958,2,15.275513731325752,44.168040276228552
1017,1706538959,7,3.921179821988801,36.073851725168630
1018,1706538960,3,15.224830182846965,44.207839595845932
1019,1706538961,10,11.290126188629735,41.598415895820473
1020,1706538963,6,11.246100712050247,47.206320438849261
1021,1706538964,3,5.363386161917802,34.962559432157533
1022,1706538965,7,8.879011157261385,34.606403644800409
1023,1706538966,10,11.364503879785680,47.091716563556474
1024,1706538967,2,2.411151021261134,34.944978195372599
1025,1706538968,6,15.053112391180179,44.431545185723756
1026,1706538969,3,5.189116651727289,34.785982096917010
1027,1706538971,7,NaN,NaN
1028,1706538973,10,17.503578314102086,42.506640972079403
1029,1706538975,6,13.347216847704351,30.029669650547692
1030,1706538976,3,11.234025476579518,41.619623369675011
1031,1706538978,10,16.278757364118356,18.110189775587830
1032,1706538980,6,14.685731286498651,45.899100767563013
1033,1706538981,7,10.330286608827727,21.053507877468974
1034,1706538982,3,34.126571687976494,30.041347946774252
1035,1706538983,10,35.116739901141827,14.908161350213863
1036,1706538984,3,5.228580492019503,34.766882597490927
1037,1706538985,6,11.218502131651075,39.369717200280775
1038,1706538986,10,12.477735013067615,39.994178745651823
1039,1706538988,6,15.274965199649223,44.162447799473860
1040,1706538990,6,NaN,NaN
1041,1706538991,2,5.196983253074393,34.783701323395690
1042,1706538992,10,12.520813475630014,40.018720283921219
1043,1706538993,7,5.846002932613615,29.997916678412700
1044,1706538994,7,14.994567203655535,22.108356350685415
1045,1706538995,10,15.280371145211554,44.164721641091333
1046,1706538996,10,8.979117165278311,39.031324252082527
1047,1706538997,3,11.222642058499495,20.665298223157173
1048,1706538998,6,4.987053729410285,35.012946270589715
1049,1706538999,2,11.504074511039297,38.513582141965657
1050,1706539000,10,NaN,NaN
1051,1706539001,3,-3.762078349411809,28.125793681731533
1052,1706539003,10,NaN,NaN
1053,1706539004,3,21.363047367653060,20.398911503811444
1054,1706539005,7,17.502620431461338,42.499875518661938
1055,1706539006,2,11.307387882749378,28.336645842565627
1056,1706539007,10,26.046192829929783,21.722144622447331
1057,1706539008,6,11.274602843701302,28.370766442674238
1058,1706539009,10,18.194728042225496,44.581601006093791
1059,1706539010,3,-3.751374400840980,28.125687200420494
1060,1706539012,6,11.249999999999996,12.850297160787738
1061,1706539013,10,11.254908912687824,41.569314087065166
1062,1706539014,10,7.640957421023793,30.000972512787669
1063,1706539016,3,11.237669368825967,47.204076498407950
1064,1706539018,6,NaN,NaN
1065,1706539019,2,-27.498370161096659,39.999185080548330
1066,1706539020,10,11.452425674599258,38.427343884839914
1067,1706539021,6,14.701101444176377,45.900789637697692
1068,1706539023,10,8.998066200442768,39.031226521101217
1069,1706539024,7,NaN,NaN
1070,1706539025,10,7.429407103360191,29.528665982560433
1071,1706539026,10,11.241993772798338,41.553492994398134
1072,1706539027,10,21.636026415499568,25.091920753501295
1073,1706539028,10,NaN,NaN
1074,1706539030,7,11.246555839223035,28.377545134664601
1075,1706539032,6,21.572827815018677,25.284099675526672
1076,1706539033,3,14.998682391737105,44.372985870996558
1077,1706539034,10,16.251701796366604,18.135721239062104
1078,1706539035,6,9.486555805829866,34.138485828494780
1079,1706539037,10,NaN,NaN
1080,1706539039,6,NaN,NaN
1081,1706539040,10,11.248910860731696,38.595659594825918
1082,1706539041,3,NaN,NaN
1083,1706539045,2,NaN,NaN
1084,1706539046,6,6.253171694248422,30.624603538218945
1085,1706539047,10,45.623772771828058,34.297335210564484
1086,1706539048,10,14.998022023296841,45.781409615828878
1087,1706539050,6,17.917812000700824,15.625859000525612
1088,1706539052,6,5.264664266043361,34.890217066725334
1089,1706539053,10,20.007868239461583,29.992131760538417
1090,1706539054,7,18.557818721158633,21.491560469319229
1091,1706539055,10,12.527688875909430,40.079668586770275
1092,1706539056,10,11.236711552982399,33.878250197202121
1093,1706539057,10,34.193585486490740,30.005141794131895
1094,1706539058,6,21.590678879039004,25.275457426714841
1095,1706539059,10,11.249227383058800,30.002084905359592
1096,1706539060,2,24.989399110782621,15.023229858853494
1097,1706539061,7,NaN,NaN
1098,1706539062,2,8.616658901413835,39.577588649456096
1099,1706539063,2,11.219026854862006,10.578540282293011
1100,1706539064,6,-1.249935157722881,30.001610138817099
1101,1706539065,10,11.249771534723731,39.376468902822928
1102,1706539066,6,-27.498492148920135,39.999417874565189
1103,1706539067,7,NaN,NaN
1104,1706539068,10,NaN,NaN
1105,1706539070,3,17.359441791692532,15.113034889417932
1106,1706539071,6,-4.164553487601374,30.002371708245125
1107,1706539072,7,8.891689017312579,34.586505167142498
1108,1706539073,10,NaN,NaN
1109,1706539074,6,NaN,NaN
1110,1706539079,3,70.606821429166530,24.991389598057655
1111,1706539080,7,11.256179954926978,20.622453302170957
1112,1706539081,10,24.959968863991847,15.060046704012233
1113,1706539082,3,NaN,NaN
1114,1706539083,6,33.837708943280205,29.757905694150416
1115,1706539085,7,23.468638404291191,17.356692240821463
1116,1706539087,7,12.503488736586624,40.003334261373276
1117,1706539092,2,15.838369285778816,45.007424465962323
1118,1706539094,10,11.251246246515864,47.226156171789327
1119,1706539096,10,11.249466350820997,39.375618104317965
1120,1706539098,7,10.436264883252946,21.235844617194740
1121,1706539100,3,11.232738305880392,12.818497183864466
1122,1706539101,10,-0.310382703701791,28.558243369478053
1123,1706539103,6,11.224980353836809,10.562529892436578
1124,1706539105,7,15.837978625717852,45.003892396513990
1125,1706539107,6,8.995355869245447,39.026325586421187
1126,1706539109,10,NaN,NaN
1127,1706539111,2,11.216745815575138,21.396350577906627
1128,1706539112,7,-4.149278438118763,30.013041171410926
1129,1706539113,7,12.083496790047185,40.000188629379423
1130,1706539114,7,-1.967009791330675,31.657252127354297
1131,1706539115,6,21.644848242755614,25.264483797648218
1132,1706539116,10,NaN,NaN
1133,1706539117,2,NaN,NaN
1134,1706539118,10,NaN,NaN
1135,1706539119,3,12.500187861947596,40.000132739336117
1136,1706539120,10,11.230126188629768,24.228684941002047
1137,1706539121,2,57.109964722319916,29.994715551847612
1138,1706539122,3,3.917625168991222,36.078493994776672
1139,1706539123,6,31.559748948628375,25.861946677666538
1140,1706539124,6,15.000038900511511,37.890892163487273
1141,1706539125,6,74.215872354069347,45.018452132775998
1142,1706539126,3,6.250023146520853,40.000023848396197
1143,1706539127,3,11.239920757123272,10.612464256267609
1144,1706539128,3,NaN,NaN
1145,1706539129,6,11.249804572665937,38.593786642625140
1146,1706539130,7,24.180554124878611,29.995102530036142
1147,1706539131,10,NaN,NaN
1148,1706539132,10,NaN,NaN
1149,1706539134,10,11.249980457266616,26.124995770888880
1150,1706539135,10,-5.003050746302058,45.002347822285131
1151,1706539136,2,-3.749323825978699,31.874504441621269
1152,1706539137,10,15.000079683411457,22.812470118720704
1153,1706539139,3,NaN,NaN
1154,1706539141,10,14.722152533992496,44.166375916532374
1155,1706539143,6,11.249902054315065,10.624736656385632
1156,1706539144,6,11.245125116664884,41.557485988519751
1157,1706539145,2,21.111025901358452,25.416726499383905
1158,1706539146,2,8.987918667954460,39.017890249758544
1159,1706539147,6,14.999972771518291,46.562561264083847
1160,1706539148,6,15.000068394853754,25.000086104019420
1161,1706539149,6,13.333334448059263,29.999970824616373
1162,1706539150,6,31.562658612687358,25.859493959515522
1163,1706539151,7,37.083405238518850,30.000053928889123
1164,1706539152,10,NaN,NaN
1165,1706539154,10,11.249336491790018,38.593828277457433
1166,1706539155,10,11.249454137303088,10.624590602977316
1167,1706539156,2,NaN,NaN
1168,1706539157,6,11.249020543150635,21.406066351840746
1169,1706539158,10,6.249815878708432,39.999951695835492
1170,1706539159,3,15.000181046530527,45.783755095288164
1171,1706539161,2,11.250000000000000,38.593696071110877
1172,1706539162,2,14.999605341762425,22.812647996839090
1173,1706539163,3,11.251441518440089,29.999868551294359
1174,1706539164,6,21.110754578926894,25.417083544514504
1175,1706539165,3,8.392805117594904,41.607179432517775
1176,1706539166,7,-4.166053802164420,30.000717348534366
1177,1706539167,10,15.000113962038995,26.687517094305850
1178,1706539168,6,15.417601422800967,46.251554275450566
1179,1706539169,10,33.394175978420918,27.232050844985622
1180,1706539170,6,6.250227264073480,40.000151459620042
1181,1706539171,6,15.000000000000000,45.780495847494670
1182,1706539173,3,26.040656753374634,21.719973670351823
1183,1706539174,6,21.366895406855065,20.400171555141299
1184,1706539175,2,6.250023146520853,40.000023848396197
1185,1706539176,7,8.393499156399251,41.606689682412522
1186,1706539177,10,14.175707609273443,15.002583120582704
1187,1706539178,7,11.250273579415005,10.625805651601377
1188,1706539179,10,20.836022621508285,25.000615071092533
1189,1706539181,10,11.249891086073179,33.875351348525129
1190,1706539182,10,14.998953386554478,22.128201228204126
1191,1706539183,6,137.081300120990420,15.000341886116990
1192,1706539184,10,8.607691372991894,39.584699289589736
1193,1706539186,7,29.028282331551289,29.999703303494520
1194,1706539187,10,18.195828070842538,44.584341985237373
1195,1706539189,3,70.403902118603980,25.003115616289652
1196,1706539191,3,-1.965467065408212,31.653608965840931
1197,1706539192,10,NaN,-Inf
1198,1706539194,10,5.833600685894710,30.000401028842067
1199,1706539195,6,NaN,NaN
1200,1706539196,6,3.926885008924714,36.072140169087859
1201,1706539197,2,29.030201858034665,29.998818829936909
1202,1706539198,10,11.250049089126879,30.000192696683332
1203,1706539199,10,14.169854003124716,15.002390502343536
1204,1706539200,3,14.584083327700682,46.251092195365665
1205,1706539201,6,15.000136465674231,22.109002244380068
1206,1706539202,3,18.194458964751647,15.416648936950889
1207,1706539203,10,11.442466350680249,38.558144456642992
1208,1706539205,10,30.417671062956188,25.000211444237738
1209,1706539207,3,15.000000000000000,34.998801910743467
1210,1706539208,7,9.711631235887154,40.865371771010786
1211,1706539209,2,11.250332541844248,12.812749406383187
1212,1706539210,7,25.340932052672063,28.238639807900810
1213,1706539211,7,20.833949051982650,25.000230894493495
1214,1706539212,3,37.083337671500665,29.999919301898050
1215,1706539213,10,11.250132387292703,21.406261937609496
1216,1706539215,3,NaN,NaN
1217,1706539216,6,NaN,NaN
1218,1706539218,3,14.185820976247086,44.988019107434638
1219,1706539219,10,37.085237484108035,29.999764883864124
1220,1706539220,2,15.000000000000000,30.468759889883518
1221,1706539221,2,18.333573936225932,14.999741687941730
1222,1706539222,6,NaN,NaN
1223,1706539223,10,11.250043359415230,29.999990274872125
1224,1706539224,10,11.666675358897699,24.999961191637681
1225,1706539225,3,18.333527835890866,15.000000000000005
1226,1706539226,7,31.562411290185658,25.859455038139814
1227,1706539227,10,NaN,NaN
1228,1706539228,3,NaN,NaN
1229,1706539229,6,NaN,NaN
1230,1706539230,10,-8.750002141161929,33.437500790951965
1231,1706539231,2,17.082501983409966,14.998750007047619
1232,1706539232,10,15.000015748934146,42.187511811700624
1233,1706539233,10,8.889008730864713,34.583297380740582
1234,1706539234,2,9.714536664974275,40.866167263066743
1235,1706539235,10,33.392782029311078,27.232165391206678
1236,1706539237,6,NaN,NaN
1237,1706539239,3,25.340778205151821,28.238600393683747
1238,1706539240,6,11.500147267380633,38.499852732619367
1239,1706539242,6,-1.964292862182589,28.348207694125229
1240,1706539243,6,17.917267751861480,15.624694870680361
1241,1706539244,3,15.416648189325580,13.750176026344842
1242,1706539245,6,NaN,NaN
1243,1706539246,10,18.749992446447507,38.593747798748822
1244,1706539247,10,8.333340156617044,29.999989765074435
1245,1706539248,3,18.749990904633524,38.593758300540891
1246,1706539249,3,NaN,NaN
1247,1706539250,2,-14.583035469349014,39.999829056941508
1248,1706539251,3,24.166709616692955,30.000012885007884
1249,1706539252,6,18.193757437955117,15.416379863849539
1250,1706539253,2,NaN,NaN
1251,1706539254,7,17.500376998457845,17.499846730425428
1252,1706539255,10,-16.249993500375709,34.374918489445015
1253,1706539257,7,NaN,NaN
1254,1706539258,7,35.000238213496146,14.999828651042799
1255,1706539259,7,5.416492433975542,25.000136107314688
1256,1706539260,10,11.666702529088942,35.000090523265264
1257,1706539262,7,14.995256583509750,25.015311388300848
1258,1706539264,7,2.321470762926740,39.017831652770681
1259,1706539265,6,NaN,NaN
1260,1706539266,10,2.321505820760564,39.017900228588026
1261,1706539267,10,-3.472525737185052,35.000259962388022
1262,1706539268,10,NaN,NaN
1263,1706539269,10,18.194206224531158,15.417288846672722
1264,1706539270,2,14.999993144274489,46.562507804476446
1265,1706539271,6,15.416790530655542,13.749774978533921
1266,1706539272,10,11.666876456133531,24.999390442652622
1267,1706539273,3,35.002388643023323,14.998208517732508
1268,1706539274,6,18.194493894028259,15.415489959088831
1269,1706539275,2,137.213347975000147,14.980594641472317
1270,1706539276,6,17.916439915299414,15.625204342152983
1271,1706539277,7,NaN,NaN
1272,1706539278,6,12.084207094391532,40.001965962380950
1273,1706539280,7,12.083295189830245,39.999976825169028
1274,1706539281,2,9.479152094678176,34.140655646297212
1275,1706539282,7,12.083344734282127,40.000075415250535
1276,1706539284,10,10.416446173482825,38.750163848394074
1277,1706539286,3,NaN,NaN
1278,1706539287,7,NaN,NaN
1279,1706539290,6,10.417111108605289,38.749916667136510
1280,1706539292,2,NaN,NaN
1281,1706539293,6,9.998121432209302,40.001979540870728
1282,1706539294,7,NaN,NaN
1283,1706539298,10,10.000146261646076,39.999710268647050
1284,1706539302,3,10.002581827557474,39.996100564179635
