,Unnamed: 0,timestamp,id,x,y,datetime
0,0,1706537118,9,4.998117779522715,14.99807241041782,2024-01-29 14:05:18
1,1,1706537133,7,,,2024-01-29 14:05:33
2,2,1706537345,7,14.872580587123714,33.25362648973657,2024-01-29 14:09:05
3,3,1706537352,7,,-inf,2024-01-29 14:09:12
4,4,1706537359,7,,-inf,2024-01-29 14:09:19
5,5,1706537363,7,,inf,2024-01-29 14:09:23
6,6,1706537364,2,15.15486572569003,33.25629782970931,2024-01-29 14:09:24
7,7,1706537371,7,,-inf,2024-01-29 14:09:31
8,8,1706537373,7,,-inf,2024-01-29 14:09:33
9,9,1706537380,7,,-inf,2024-01-29 14:09:40
10,10,1706537384,7,,-inf,2024-01-29 14:09:44
11,11,1706537386,7,,-inf,2024-01-29 14:09:46
12,12,1706537410,7,,inf,2024-01-29 14:10:10
13,13,1706537414,7,,-inf,2024-01-29 14:10:14
14,14,1706537425,7,,inf,2024-01-29 14:10:25
15,15,1706537433,7,,-inf,2024-01-29 14:10:33
16,16,1706537439,7,,inf,2024-01-29 14:10:39
17,17,1706537443,7,,-inf,2024-01-29 14:10:43
18,18,1706537451,7,,inf,2024-01-29 14:10:51
19,19,1706537457,7,,inf,2024-01-29 14:10:57
20,20,1706537468,7,,-inf,2024-01-29 14:11:08
21,21,1706537481,7,,inf,2024-01-29 14:11:21
22,22,1706537485,7,,-inf,2024-01-29 14:11:25
23,23,1706537489,7,,inf,2024-01-29 14:11:29
24,24,1706537502,7,,-inf,2024-01-29 14:11:42
25,25,1706537531,7,,inf,2024-01-29 14:12:11
26,26,1706537538,7,,-inf,2024-01-29 14:12:18
27,27,1706537539,7,,-inf,2024-01-29 14:12:19
28,28,1706537545,7,,-inf,2024-01-29 14:12:25
29,29,1706537548,7,,-inf,2024-01-29 14:12:28
30,30,1706537552,7,,inf,2024-01-29 14:12:32
31,31,1706537555,7,11.16108636337936,37.99162954506905,2024-01-29 14:12:35
32,32,1706537563,7,18.73992075712328,49.379940497366285,2024-01-29 14:12:43
33,33,1706537566,7,18.790126188629767,49.39148391000362,2024-01-29 14:12:46
34,34,1706537568,7,11.192612117250636,37.9885313374438,2024-01-29 14:12:48
35,35,1706537569,7,18.792389261031893,49.430415347035606,2024-01-29 14:12:49
36,36,1706537571,7,18.75865134072352,49.35958393058368,2024-01-29 14:12:51
37,37,1706537573,7,11.040180281024409,37.50108637635545,2024-01-29 14:12:53
38,38,1706537575,7,,inf,2024-01-29 14:12:55
39,39,1706537585,7,,inf,2024-01-29 14:13:05
40,40,1706537587,7,18.781873364580473,49.41464150235852,2024-01-29 14:13:07
41,41,1706537590,7,,-inf,2024-01-29 14:13:10
42,42,1706537599,7,11.573558867801784,38.618225224041225,2024-01-29 14:13:19
43,43,1706537607,7,,-inf,2024-01-29 14:13:27
44,44,1706537612,7,,-inf,2024-01-29 14:13:32
45,45,1706537613,7,,inf,2024-01-29 14:13:33
46,46,1706537616,7,,-inf,2024-01-29 14:13:36
47,47,1706537623,7,,-inf,2024-01-29 14:13:43
48,48,1706537631,7,,inf,2024-01-29 14:13:51
49,49,1706537636,7,,-inf,2024-01-29 14:13:56
50,50,1706537641,7,,inf,2024-01-29 14:14:01
51,51,1706537647,7,,-inf,2024-01-29 14:14:07
52,52,1706537651,7,,inf,2024-01-29 14:14:11
53,53,1706537655,7,,inf,2024-01-29 14:14:15
54,54,1706537666,7,,inf,2024-01-29 14:14:26
55,55,1706537675,7,20.725167619114305,47.94110346008138,2024-01-29 14:14:35
56,56,1706537677,7,15.353133060099085,45.942850281167146,2024-01-29 14:14:37
57,57,1706537680,7,18.01637593830128,46.63728195372596,2024-01-29 14:14:40
58,58,1706537681,7,,,2024-01-29 14:14:41
59,59,1706537683,7,-10.804034124247934,25.01248018928081,2024-01-29 14:14:43
60,60,1706537686,7,10.96237925801112,31.555050866427745,2024-01-29 14:14:46
61,61,1706537687,3,,,2024-01-29 14:14:47
62,62,1706537689,7,-26.951403712641508,29.990274872123344,2024-01-29 14:14:49
63,63,1706537692,7,18.749999999999982,47.15747664799388,2024-01-29 14:14:52
64,64,1706537694,7,,,2024-01-29 14:14:54
65,65,1706537696,7,18.87330631174035,33.869816452506605,2024-01-29 14:14:56
66,66,1706537697,7,18.499803538368084,46.98090919932191,2024-01-29 14:14:57
67,67,1706537699,7,-0.572968970608486,25.031348818117145,2024-01-29 14:14:59
68,68,1706537701,7,11.141086073170577,41.36128943770105,2024-01-29 14:15:01
69,69,1706537702,7,-3.030143874357517,25.497338141347797,2024-01-29 14:15:02
70,70,1706537704,7,15.015486572568976,45.77347897492403,2024-01-29 14:15:04
71,71,1706537706,7,18.62460472753135,33.839015127161844,2024-01-29 14:15:06
72,72,1706537707,7,,,2024-01-29 14:15:07
73,73,1706537709,7,-40.10625764286368,25.14025178012565,2024-01-29 14:15:09
74,74,1706537711,7,,,2024-01-29 14:15:11
75,75,1706537712,7,-10.838888857566133,24.9958333568254,2024-01-29 14:15:12
76,76,1706537714,7,-1.47671144117524,25.807979851471135,2024-01-29 14:15:14
77,77,1706537715,7,18.8662715781212,47.23110184179545,2024-01-29 14:15:15
78,78,1706537717,7,19.237488333517497,34.04181367658283,2024-01-29 14:15:17
79,79,1706537718,7,15.013678970750258,33.32382177800302,2024-01-29 14:15:18
80,80,1706537719,7,18.850792428767303,47.59652045890302,2024-01-29 14:15:19
81,81,1706537721,7,11.117612707295605,29.065355769572516,2024-01-29 14:15:21
82,82,1706537722,7,-39.62687589950213,25.20455043919875,2024-01-29 14:15:22
83,83,1706537724,7,14.999999999999972,45.76767151021063,2024-01-29 14:15:24
84,84,1706537727,7,-8.647099905040221,26.552677959422127,2024-01-29 14:15:27
85,85,1706537728,7,,,2024-01-29 14:15:28
86,86,1706537730,7,18.7327383058804,38.101289705296765,2024-01-29 14:15:30
87,87,1706537731,7,15.231442744908152,33.40031214618424,2024-01-29 14:15:31
88,88,1706537733,7,-1.720736958887173,25.788168368500767,2024-01-29 14:15:33
89,89,1706537734,7,15.273955659564418,45.89860570214818,2024-01-29 14:15:34
90,90,1706537737,7,15.40470736824178,46.22867754981041,2024-01-29 14:15:37
91,91,1706537738,7,23.73150141661001,30.635997303279712,2024-01-29 14:15:38
92,92,1706537741,7,-1.505589147886774,25.89015112461636,2024-01-29 14:15:41
93,93,1706537743,7,18.715558392230616,30.01224321061688,2024-01-29 14:15:43
94,94,1706537744,7,3.959679951569633,21.73068630691248,2024-01-29 14:15:44
95,95,1706537745,7,11.222642058499485,41.55489714678813,2024-01-29 14:15:45
96,96,1706537746,7,-27.070326198852115,29.981702844454222,2024-01-29 14:15:46
97,97,1706537748,7,21.148308528563703,34.6009964708557,2024-01-29 14:15:48
98,98,1706537749,7,7.844201154971624,23.47255676090264,2024-01-29 14:15:49
99,99,1706537750,7,11.293359415243929,31.652699677313432,2024-01-29 14:15:50
100,100,1706537752,7,25.969119030134134,38.25679150401403,2024-01-29 14:15:52
101,101,1706537753,7,15.404306756812687,46.21292027043806,2024-01-29 14:15:53
102,102,1706537754,7,19.007011944290376,10.425976236683642,2024-01-29 14:15:54
103,103,1706537756,7,,,2024-01-29 14:15:56
104,104,1706537758,7,18.683649179002074,30.89577387790632,2024-01-29 14:15:58
105,105,1706537759,7,14.996023343516118,22.113245605471683,2024-01-29 14:15:59
106,106,1706537760,7,18.78097314513795,33.87801226286825,2024-01-29 14:16:00
107,107,1706537762,7,34.09193359304615,29.9819810194986,2024-01-29 14:16:02
108,108,1706537763,7,15.410047339352053,46.20520137973752,2024-01-29 14:16:03
109,109,1706537765,7,3.99601125482285,21.72058620035519,2024-01-29 14:16:05
110,110,1706537766,7,15.015486572568989,45.79867239414011,2024-01-29 14:16:06
111,111,1706537768,7,15.48154939596547,46.29381768683116,2024-01-29 14:16:08
112,112,1706537769,7,30.301609452316924,28.55189204540727,2024-01-29 14:16:09
113,113,1706537771,7,3.96515661704472,21.713632537216455,2024-01-29 14:16:11
114,114,1706537772,7,8.444590577813159,25.286636851150625,2024-01-29 14:16:12
115,115,1706537773,7,,,2024-01-29 14:16:13
116,116,1706537774,7,14.718489664033326,44.160622995253675,2024-01-29 14:16:14
117,117,1706537775,7,6.282414226739121,29.36590690777816,2024-01-29 14:16:15
118,118,1706537776,7,,,2024-01-29 14:16:16
119,119,1706537778,7,20.569690166849483,34.17726762513712,2024-01-29 14:16:18
120,120,1706537779,7,34.13578563382228,30.0180189805014,2024-01-29 14:16:19
121,121,1706537781,7,15.0,44.90595354564853,2024-01-29 14:16:21
122,122,1706537782,7,15.002722848170736,22.823403130035736,2024-01-29 14:16:22
123,123,1706537783,7,20.690255188912825,34.41603964442307,2024-01-29 14:16:23
124,124,1706537784,7,20.690255188912825,34.41603964442307,2024-01-29 14:16:24
125,125,1706537786,7,18.75,10.595755340376945,2024-01-29 14:16:26
126,126,1706537787,7,15.126589567109743,46.31019303543602,2024-01-29 14:16:27
127,127,1706537788,7,18.804586269691143,37.94383012593496,2024-01-29 14:16:28
128,128,1706537790,7,15.050396214383651,46.71458718987687,2024-01-29 14:16:30
129,129,1706537792,7,,,2024-01-29 14:16:32
130,130,1706537793,7,11.34794568493504,26.15438370548051,2024-01-29 14:16:33
131,131,1706537795,7,18.617612707295592,29.99317671628861,2024-01-29 14:16:35
132,132,1706537797,7,20.628446265680505,34.25044097100121,2024-01-29 14:16:37
133,133,1706537798,7,,,2024-01-29 14:16:38
134,134,1706537800,7,3.839865340356091,21.648263821192387,2024-01-29 14:16:40
135,135,1706537802,7,,,2024-01-29 14:16:42
136,136,1706537803,7,19.5789895206413,21.244579305300093,2024-01-29 14:16:43
137,137,1706537804,7,11.250000000000028,29.9891858240956,2024-01-29 14:16:44
138,138,1706537805,7,34.15259216087748,29.99547383673689,2024-01-29 14:16:45
139,139,1706537806,7,14.958234632676152,42.203374138175406,2024-01-29 14:16:46
140,140,1706537807,7,136.73419103325108,44.918314554877966,2024-01-29 14:16:47
141,141,1706537808,7,30.391182394615868,28.544852200673017,2024-01-29 14:16:48
142,142,1706537810,7,22.555612039320508,29.53654170570181,2024-01-29 14:16:50
143,143,1706537812,7,15.000000000000009,42.162301892808166,2024-01-29 14:16:52
144,144,1706537814,7,15.048972842467508,46.72388090023478,2024-01-29 14:16:54
145,145,1706537816,7,18.81179954926989,18.483849661952416,2024-01-29 14:16:56
146,146,1706537818,7,15.097713667032334,46.59205063236361,2024-01-29 14:16:58
147,147,1706537820,7,19.648823623903407,21.053529128289785,2024-01-29 14:17:00
148,148,1706537821,9,15.308997746349462,33.20036160163172,2024-01-29 14:17:01
149,149,1706537822,7,11.494009844715606,21.495374501457885,2024-01-29 14:17:02
150,150,1706537823,7,39.38361040194232,36.10020780145676,2024-01-29 14:17:03
151,151,1706537824,7,,,2024-01-29 14:17:04
152,152,1706537825,7,,,2024-01-29 14:17:05
153,153,1706537826,7,33.00772980430428,25.48582433830705,2024-01-29 14:17:06
154,154,1706537827,7,,,2024-01-29 14:17:07
155,155,1706537828,7,18.29443663796492,39.43482555291033,2024-01-29 14:17:08
156,156,1706537829,7,,,2024-01-29 14:17:09
157,157,1706537830,7,15.249603785616348,46.37529716078775,2024-01-29 14:17:10
158,158,1706537832,7,39.34417342206493,36.10145664448377,2024-01-29 14:17:12
159,159,1706537833,7,14.55248045991858,43.739126824877786,2024-01-29 14:17:13
160,160,1706537834,7,15.00685572550919,29.5282353225464,2024-01-29 14:17:14
161,161,1706537835,7,,,2024-01-29 14:17:15
162,162,1706537837,7,11.29335941524392,26.100030954440253,2024-01-29 14:17:17
163,163,1706537838,7,15.0685572550919,42.213514921526055,2024-01-29 14:17:18
164,164,1706537839,7,8.99447875183187,39.01989680167896,2024-01-29 14:17:19
165,165,1706537840,7,136.695267050886,44.907520266194794,2024-01-29 14:17:20
166,166,1706537842,7,14.99316051462487,35.02051845612539,2024-01-29 14:17:22
167,167,1706537843,7,19.205848155988757,37.140281351293616,2024-01-29 14:17:23
168,168,1706537844,7,33.47873646669105,35.0,2024-01-29 14:17:24
169,169,1706537845,7,,-inf,2024-01-29 14:17:25
170,170,1706537847,7,8.403158214027592,18.395414927743087,2024-01-29 14:17:27
171,171,1706537848,7,25.343396176500047,28.234905735249928,2024-01-29 14:17:28
172,172,1706537849,7,15.00272284817074,22.808568304761888,2024-01-29 14:17:29
173,173,1706537850,7,,,2024-01-29 14:17:30
174,174,1706537851,7,20.00068625773728,20.002917538363,2024-01-29 14:17:31
175,175,1706537852,7,18.75,38.62886838432159,2024-01-29 14:17:32
176,176,1706537854,7,6.734090352149451,32.07261355282242,2024-01-29 14:17:34
177,177,1706537856,7,11.25,29.0625,2024-01-29 14:17:36
178,178,1706537858,7,14.159810941157478,14.989716411736214,2024-01-29 14:17:38
179,179,1706537859,7,,inf,2024-01-29 14:17:39
180,180,1706537860,7,20.276832983791472,19.13953432023163,2024-01-29 14:17:40
181,181,1706537861,7,34.94848871811515,44.94164923274002,2024-01-29 14:17:41
182,182,1706537863,7,6.592732971900272,42.61347754372644,2024-01-29 14:17:43
183,183,1706537864,7,30.155972758895743,40.15597275889575,2024-01-29 14:17:44
184,184,1706537865,7,44.53773554660053,39.97579056941504,2024-01-29 14:17:45
185,185,1706537866,7,3.912419731352962,36.0078968571958,2024-01-29 14:17:46
186,186,1706537868,7,,,2024-01-29 14:17:48
187,187,1706537869,7,7.463469404396664,30.362174278674573,2024-01-29 14:17:49
188,188,1706537870,7,15.003993630855122,16.255990446282688,2024-01-29 14:17:50
189,189,1706537871,7,70.46183913204632,34.86823917371053,2024-01-29 14:17:51
190,190,1706537873,7,,,2024-01-29 14:17:53
191,191,1706537874,7,,,2024-01-29 14:17:54
192,192,1706537875,7,18.50362496922776,21.5013434836148,2024-01-29 14:17:55
193,193,1706537876,7,33.52415436446254,35.010839853810985,2024-01-29 14:17:56
194,194,1706537878,7,5.237249974153912,34.771063571952304,2024-01-29 14:17:58
195,195,1706537879,7,14.567773128730677,13.70331938619202,2024-01-29 14:17:59
196,196,1706537880,7,15.005432796344447,30.0,2024-01-29 14:18:00
197,197,1706537881,7,15.114232638127053,17.89817447859529,2024-01-29 14:18:01
198,198,1706537882,7,25.01204938074432,14.991831455487794,2024-01-29 14:18:02
199,199,1706537883,7,,-inf,2024-01-29 14:18:03
200,200,1706537884,7,18.737310985010843,47.19469413109675,2024-01-29 14:18:04
201,201,1706537885,7,15.01367897075026,13.46827768418808,2024-01-29 14:18:05
202,202,1706537886,7,39.42098483267084,36.10845885747134,2024-01-29 14:18:06
203,203,1706537888,7,14.915822532783196,22.7809334497937,2024-01-29 14:18:08
204,204,1706537890,7,17.905608196500346,40.024881557874224,2024-01-29 14:18:10
205,205,1706537892,7,44.56704772216127,39.992671474972575,2024-01-29 14:18:12
206,206,1706537893,7,25.331285707468226,31.77275976702945,2024-01-29 14:18:13
207,207,1706537894,7,,,2024-01-29 14:18:14
208,208,1706537895,7,15.09052326526222,25.0,2024-01-29 14:18:15
209,209,1706537896,7,-1.971519403834854,31.65585466465709,2024-01-29 14:18:16
210,210,1706537897,7,15.641196033042805,14.880191074346303,2024-01-29 14:18:17
211,211,1706537898,7,30.31821163190636,28.556829361964883,2024-01-29 14:18:18
212,212,1706537899,7,14.687295371151777,44.25999664554068,2024-01-29 14:18:19
213,213,1706537901,7,27.65402855641102,39.006812850384954,2024-01-29 14:18:21
214,214,1706537903,7,11.236288548981598,24.231415454499984,2024-01-29 14:18:23
215,215,1706537904,7,-1.6823089256537,25.82942276858657,2024-01-29 14:18:24
216,216,1706537905,7,,-inf,2024-01-29 14:18:25
217,217,1706537906,7,,,2024-01-29 14:18:26
218,218,1706537907,7,,inf,2024-01-29 14:18:27
219,219,1706537908,7,18.56781021244734,21.445261924798043,2024-01-29 14:18:28
220,220,1706537909,7,,,2024-01-29 14:18:29
221,221,1706537912,7,-0.295405694150432,28.5568242882312,2024-01-29 14:18:32
222,222,1706537924,7,34.05010843313505,31.932125196744074,2024-01-29 14:18:44
223,223,1706537968,7,15.078931647514809,29.974481019498597,2024-01-29 14:19:28
224,224,1706537969,7,11.241348659276468,21.409319057269936,2024-01-29 14:19:29
225,225,1706537970,10,15.15486572569,33.256455524700314,2024-01-29 14:19:30
226,226,1706537971,7,57.075497387657286,30.001044134183097,2024-01-29 14:19:31
227,227,1706537972,7,34.13861631064154,30.0,2024-01-29 14:19:32
228,228,1706537974,10,10.985852623886132,47.26608541490855,2024-01-29 14:19:34
229,229,1706537976,7,,,2024-01-29 14:19:36
230,230,1706537978,3,17.423166371578333,32.03254890129287,2024-01-29 14:19:38
231,231,1706537980,2,14.979984431995916,44.406722568341685,2024-01-29 14:19:40
232,232,1706537981,3,23.922485183856598,29.35796551528104,2024-01-29 14:19:41
233,233,1706537982,6,8.627711945348246,39.59578395901119,2024-01-29 14:19:42
234,234,1706537983,10,10.391027635964193,38.927452052001534,2024-01-29 14:19:43
235,235,1706537984,1,37.00327106131703,30.0,2024-01-29 14:19:44
236,236,1706537985,3,34.0696303660994,30.0,2024-01-29 14:19:45
237,237,1706537986,1,11.282082307365172,33.86768766799046,2024-01-29 14:19:46
238,238,1706537987,10,28.917988204682604,30.132739336120057,2024-01-29 14:19:47
239,239,1706537989,3,18.719928765982303,29.068476479607664,2024-01-29 14:19:49
240,240,1706537990,3,11.187153490281526,31.69355679296652,2024-01-29 14:19:50
241,241,1706537991,7,,,2024-01-29 14:19:51
242,242,1706537992,10,-1.242756271540735,30.0,2024-01-29 14:19:52
243,243,1706537993,3,18.733333427301567,30.00839780640536,2024-01-29 14:19:53
244,244,1706537995,10,10.41377603898374,38.758671883048784,2024-01-29 14:19:55
245,245,1706537997,7,,,2024-01-29 14:19:57
246,246,1706537998,7,,,2024-01-29 14:19:58
247,247,1706537999,1,,,2024-01-29 14:19:59
248,248,1706538000,10,9.98948439775587,20.06249964761908,2024-01-29 14:20:00
249,249,1706538001,2,8.569559309690277,39.606226423771915,2024-01-29 14:20:01
250,250,1706538002,3,-27.45354259371852,20.03779716078775,2024-01-29 14:20:02
251,251,1706538003,3,-1.959112956270737,31.65566528279695,2024-01-29 14:20:03
252,252,1706538004,6,,,2024-01-29 14:20:04
253,253,1706538005,7,,,2024-01-29 14:20:05
254,254,1706538006,7,10.372952295849496,38.91533172415068,2024-01-29 14:20:06
255,255,1706538008,7,15.001945025575331,44.36891724412824,2024-01-29 14:20:08
256,256,1706538009,7,18.010042093647048,15.630146514808803,2024-01-29 14:20:09
257,257,1706538010,1,4.412639807463705,31.783876171442294,2024-01-29 14:20:10
258,258,1706538011,10,4.40492804396446,35.940191740262655,2024-01-29 14:20:11
259,259,1706538017,1,11.461683166949442,21.477582097749124,2024-01-29 14:20:17
260,260,1706538018,6,-10.235296746452676,36.31154058478539,2024-01-29 14:20:18
261,261,1706538020,10,-3.527581764556231,31.830058406796557,2024-01-29 14:20:20
262,262,1706538022,6,10.352736901507472,21.07978226017159,2024-01-29 14:20:22
263,263,1706538030,7,21.560158980796672,34.69040598934286,2024-01-29 14:20:30
264,264,1706538032,1,55.63670004040804,15.029244659623055,2024-01-29 14:20:32
265,265,1706538034,3,56.9662301249672,29.974806580783923,2024-01-29 14:20:34
266,266,1706538035,6,-9.349538735654464,36.077376899911584,2024-01-29 14:20:35
267,267,1706538036,10,,,2024-01-29 14:20:36
268,268,1706538038,10,14.919794231587073,20.109522874794813,2024-01-29 14:20:38
269,269,1706538039,3,-4.160181731386828,29.99945800730945,2024-01-29 14:20:39
270,270,1706538040,7,30.488913730588905,25.0,2024-01-29 14:20:40
271,271,1706538041,6,2.344917636636175,38.97629524425652,2024-01-29 14:20:41
272,272,1706538042,10,14.706746395296936,14.12706071074326,2024-01-29 14:20:42
273,273,1706538043,10,14.97463670903312,24.980220232968207,2024-01-29 14:20:43
274,274,1706538045,3,14.997998443199592,34.996318315484125,2024-01-29 14:20:45
275,275,1706538046,6,-10.24913281169512,36.31282519561433,2024-01-29 14:20:46
276,276,1706538047,2,,,2024-01-29 14:20:47
277,277,1706538048,10,1.109298038052692,29.91998422642128,2024-01-29 14:20:48
278,278,1706538049,3,,,2024-01-29 14:20:49
279,279,1706538050,7,16.672906761307075,20.018720283921223,2024-01-29 14:20:50
280,280,1706538051,10,8.980750081239961,39.02154635311264,2024-01-29 14:20:51
281,281,1706538052,7,30.334299270407342,28.549106775245907,2024-01-29 14:20:52
282,282,1706538054,3,45.68211631906354,25.72454361964882,2024-01-29 14:20:54
283,283,1706538056,3,-10.241968250795765,36.31293490437475,2024-01-29 14:20:56
284,284,1706538058,2,,,2024-01-29 14:20:58
285,285,1706538059,7,12.48699356356547,20.009226066388,2024-01-29 14:20:59
286,286,1706538060,2,10.357847491614274,38.92266883426635,2024-01-29 14:21:00
287,287,1706538061,10,18.156395762970096,44.47545209400888,2024-01-29 14:21:01
288,288,1706538062,3,14.978855576225929,25.02222840915517,2024-01-29 14:21:02
289,289,1706538063,10,7.439161900515085,30.45263767998436,2024-01-29 14:21:03
290,290,1706538065,6,-40.4109263987051,25.00086104019424,2024-01-29 14:21:05
291,291,1706538067,6,57.04434045383592,29.985377670188477,2024-01-29 14:21:07
292,292,1706538068,10,18.77460284370136,43.123276243838106,2024-01-29 14:21:08
293,293,1706538069,6,14.99497231663116,25.00502768336884,2024-01-29 14:21:09
294,294,1706538070,10,14.97364783474211,37.89352389485781,2024-01-29 14:21:10
295,295,1706538071,2,9.846135114085008,25.010466134455235,2024-01-29 14:21:11
296,296,1706538072,7,18.827801023013265,47.19826696105061,2024-01-29 14:21:12
297,297,1706538073,2,11.26323872927044,21.410568743330742,2024-01-29 14:21:13
298,298,1706538074,7,18.289637796754512,15.083951727447602,2024-01-29 14:21:14
299,299,1706538076,10,17.48357552324088,42.45202119678161,2024-01-29 14:21:16
300,300,1706538078,6,-13.75177176105086,35.00409397022686,2024-01-29 14:21:18
301,301,1706538080,10,14.997371025887151,34.996748043856705,2024-01-29 14:21:20
302,302,1706538081,10,22.950793063461727,36.881748696145365,2024-01-29 14:21:21
303,303,1706538082,3,,,2024-01-29 14:21:22
304,304,1706538083,7,17.906953418891597,15.609546519656494,2024-01-29 14:21:23
305,305,1706538084,6,25.33024941814193,31.76003117726774,2024-01-29 14:21:24
306,306,1706538086,3,18.189571357977453,15.426650959872395,2024-01-29 14:21:26
307,307,1706538087,10,-10.22706987584165,36.30948386713264,2024-01-29 14:21:27
308,308,1706538088,3,18.78620930610492,30.0,2024-01-29 14:21:28
309,309,1706538089,7,26.014520320209673,36.02248866135479,2024-01-29 14:21:29
310,310,1706538090,6,30.400225825101288,24.996917342206487,2024-01-29 14:21:30
311,311,1706538091,10,-0.347049515269248,28.545842647328232,2024-01-29 14:21:31
312,312,1706538092,2,,,2024-01-29 14:21:32
313,313,1706538093,10,18.185867675155585,15.425262078814194,2024-01-29 14:21:33
314,314,1706538095,7,15.03612353196118,33.31606893511807,2024-01-29 14:21:35
315,315,1706538097,7,,,2024-01-29 14:21:37
316,316,1706538098,3,15.073015249863204,45.784782322499176,2024-01-29 14:21:38
317,317,1706538099,7,21.357010323932528,20.416180349588195,2024-01-29 14:21:39
318,318,1706538100,10,15.000543279634446,33.30769382780249,2024-01-29 14:21:40
319,319,1706538101,6,11.676503302597666,24.979123069360845,2024-01-29 14:21:41
320,320,1706538103,6,38.702984325943774,33.42118169891201,2024-01-29 14:21:43
321,321,1706538105,10,,,2024-01-29 14:21:45
322,322,1706538106,10,10.422859369937974,21.243637471495287,2024-01-29 14:21:46
323,323,1706538107,6,,,2024-01-29 14:21:47
324,324,1706538108,10,9.086608172602412,25.026619252406924,2024-01-29 14:21:48
325,325,1706538109,7,16.960001499335,14.938051360567778,2024-01-29 14:21:49
326,326,1706538111,7,14.681993125048674,14.10531867624142,2024-01-29 14:21:51
327,327,1706538113,6,14.994567203655553,35.11980892565369,2024-01-29 14:21:53
328,328,1706538114,10,,,2024-01-29 14:21:54
329,329,1706538115,3,,,2024-01-29 14:21:55
330,330,1706538116,10,-7.878649504014113,34.97025989983863,2024-01-29 14:21:56
331,331,1706538118,10,,,2024-01-29 14:21:58
332,332,1706538120,10,11.447084106131832,21.443203269899723,2024-01-29 14:22:00
333,333,1706538122,2,33.372813886769045,27.228950162204008,2024-01-29 14:22:02
334,334,1706538123,2,10.428717295123612,21.23901700308196,2024-01-29 14:22:03
335,335,1706538124,3,21.383362267163047,20.416256888075644,2024-01-29 14:22:04
336,336,1706538125,6,9.853258781261507,24.995114316648383,2024-01-29 14:22:05
337,337,1706538126,10,,,2024-01-29 14:22:06
338,338,1706538127,2,21.374343159847434,20.401133383195315,2024-01-29 14:22:07
339,339,1706538128,6,37.06682487096057,29.985035532637728,2024-01-29 14:22:08
340,340,1706538129,6,,,2024-01-29 14:22:09
341,341,1706538130,7,2.324368867384795,38.998576648842125,2024-01-29 14:22:10
342,342,1706538131,10,8.984732584251958,39.020324122045295,2024-01-29 14:22:11
343,343,1706538132,6,14.16939598015122,15.004093970226831,2024-01-29 14:22:12
344,344,1706538133,6,-1.243321939351311,29.98955865816904,2024-01-29 14:22:13
345,345,1706538134,10,-7.922222190899497,35.000000000000014,2024-01-29 14:22:14
346,346,1706538135,10,24.169363775911226,29.99755715832419,2024-01-29 14:22:15
347,347,1706538136,6,,,2024-01-29 14:22:16
348,348,1706538137,7,,,2024-01-29 14:22:17
349,349,1706538138,2,17.49809956346204,17.499866232887882,2024-01-29 14:22:18
350,350,1706538139,3,11.454186882325304,21.45132428533066,2024-01-29 14:22:19
351,351,1706538140,10,-7.924399743270925,35.000000000000014,2024-01-29 14:22:20
352,352,1706538142,7,11.252735794150052,12.813525922806267,2024-01-29 14:22:22
353,353,1706538143,2,15.005971607558305,14.861791475519254,2024-01-29 14:22:23
354,354,1706538144,10,11.25389928794974,24.198726602113084,2024-01-29 14:22:24
355,355,1706538145,3,,,2024-01-29 14:22:25
356,356,1706538146,6,,,2024-01-29 14:22:26
357,357,1706538147,7,11.503980501110789,21.50003391873504,2024-01-29 14:22:27
358,358,1706538148,7,,,2024-01-29 14:22:28
359,359,1706538149,2,14.987371030363883,33.310605654554585,2024-01-29 14:22:29
360,360,1706538150,7,11.249999999999986,20.626317608262905,2024-01-29 14:22:30
361,361,1706538151,7,17.102535968712278,15.00924797338052,2024-01-29 14:22:31
362,362,1706538153,6,14.98006950537756,16.256665883080156,2024-01-29 14:22:33
363,363,1706538155,7,11.673099243633311,25.002162835180886,2024-01-29 14:22:35
364,364,1706538156,10,7.437375439532275,30.480562240631023,2024-01-29 14:22:36
365,365,1706538157,2,,,2024-01-29 14:22:37
366,366,1706538159,10,18.501341129174392,29.0935823588532,2024-01-29 14:22:39
367,367,1706538161,10,7.422077557484201,30.47532556613673,2024-01-29 14:22:41
368,368,1706538163,6,,,2024-01-29 14:22:43
369,369,1706538164,2,-1.208767395495869,29.99569479902883,2024-01-29 14:22:44
370,370,1706538165,7,,,2024-01-29 14:22:45
371,371,1706538166,3,7.393190488640784,30.477227078982725,2024-01-29 14:22:46
372,372,1706538167,10,,,2024-01-29 14:22:47
373,373,1706538169,3,-15.469151576667386,34.2195332608564,2024-01-29 14:22:49
374,374,1706538171,7,16.233674309615395,18.15348142343795,2024-01-29 14:22:51
375,375,1706538172,2,17.903448844372726,15.644826733440912,2024-01-29 14:22:52
376,376,1706538173,6,19.050712340176403,33.91825725635035,2024-01-29 14:22:53
377,377,1706538175,7,57.06116885389479,29.999140999474385,2024-01-29 14:22:55
378,378,1706538176,2,15.001364656742275,24.938919267674695,2024-01-29 14:22:56
379,379,1706538177,10,-3.732998497572488,28.11729608290076,2024-01-29 14:22:57
380,380,1706538178,6,10.548164196780542,38.60560102647201,2024-01-29 14:22:58
381,381,1706538179,7,37.04377879091496,29.975310404761068,2024-01-29 14:22:59
382,382,1706538180,3,1.024338112587348,30.02083321587303,2024-01-29 14:23:00
383,383,1706538181,10,,,2024-01-29 14:23:01
384,384,1706538183,6,15.125098230815956,37.9295206775186,2024-01-29 14:23:03
385,385,1706538184,2,14.061572508807814,14.900709530471696,2024-01-29 14:23:04
386,386,1706538185,7,21.424923092886303,34.27476927865892,2024-01-29 14:23:05
387,387,1706538186,10,,,2024-01-29 14:23:06
388,388,1706538187,2,5.063270051971291,34.92014224277923,2024-01-29 14:23:07
389,389,1706538188,10,24.770015265897687,34.76613442966558,2024-01-29 14:23:08
390,390,1706538189,3,11.250000000000036,31.614162940411678,2024-01-29 14:23:09
391,391,1706538190,10,,,2024-01-29 14:23:10
392,392,1706538191,2,38.77108173220632,26.566452824788684,2024-01-29 14:23:11
393,393,1706538192,6,133.80350052904436,15.597914838673072,2024-01-29 14:23:12
394,394,1706538193,10,,,2024-01-29 14:23:13
395,395,1706538194,10,14.995833356825392,35.01465705005485,2024-01-29 14:23:14
396,396,1706538195,3,11.267261694119613,29.944297025537928,2024-01-29 14:23:15
397,397,1706538196,7,,,2024-01-29 14:23:16
398,398,1706538197,2,13.372264913536863,30.016259780716474,2024-01-29 14:23:17
399,399,1706538198,3,14.113936536156835,14.952303207600954,2024-01-29 14:23:18
400,400,1706538199,2,14.989533865544766,22.816424800420712,2024-01-29 14:23:19
401,401,1706538200,7,5.163633350299946,34.74914428039966,2024-01-29 14:23:20
402,402,1706538201,3,18.512559361346284,21.48744063865372,2024-01-29 14:23:21
403,403,1706538202,10,9.835852260816525,25.02001556800408,2024-01-29 14:23:22
404,404,1706538203,7,11.43500480282151,21.437167638002403,2024-01-29 14:23:23
405,405,1706538205,10,25.028879059967135,14.970259899838627,2024-01-29 14:23:25
406,406,1706538207,6,7.627163774365865,29.980031845724383,2024-01-29 14:23:27
407,407,1706538208,3,16.256503582719304,18.123112865382627,2024-01-29 14:23:28
408,408,1706538209,10,-27.456362064685933,20.017872385281294,2024-01-29 14:23:29
409,409,1706538210,3,15.006150710925318,45.788169549790986,2024-01-29 14:23:30
410,410,1706538212,3,16.6714400628127,20.024603776701884,2024-01-29 14:23:32
411,411,1706538213,10,7.438676643961983,30.480572192557855,2024-01-29 14:23:33
412,412,1706538214,2,11.223585262388614,10.609282917018296,2024-01-29 14:23:34
413,413,1706538215,1,24.669080853098865,21.2861216527926,2024-01-29 14:23:35
414,414,1706538216,10,,,2024-01-29 14:23:36
415,415,1706538218,6,14.993160514624872,34.920142242779235,2024-01-29 14:23:38
416,416,1706538219,6,17.448386501593372,15.11642508696335,2024-01-29 14:23:39
417,417,1706538220,3,34.15441395537722,30.002716398172225,2024-01-29 14:23:40
418,418,1706538221,1,0.0,8.830930966261974,2024-01-29 14:23:41
419,419,1706538222,7,18.480805584105006,14.810115649335376,2024-01-29 14:23:42
420,420,1706538223,10,3.951123666661587,36.060016928230816,2024-01-29 14:23:43
421,421,1706538224,2,,,2024-01-29 14:23:44
422,422,1706538225,3,11.485273261936506,21.48527326193651,2024-01-29 14:23:45
423,423,1706538226,6,,,2024-01-29 14:23:46
424,424,1706538227,7,11.232738305880416,38.586980645541125,2024-01-29 14:23:47
425,425,1706538228,2,17.900896588612532,15.6445708448251,2024-01-29 14:23:48
426,426,1706538229,3,-0.335223846109272,28.55400473100129,2024-01-29 14:23:49
427,427,1706538230,10,6.042187683195284,29.986385759146327,2024-01-29 14:23:50
428,428,1706538231,7,14.99497231663116,19.97290735102916,2024-01-29 14:23:51
429,429,1706538232,3,4.985417934012361,35.01982611386804,2024-01-29 14:23:52
430,430,1706538233,6,,,2024-01-29 14:23:53
431,431,1706538234,2,,,2024-01-29 14:23:54
432,432,1706538235,7,10.43725687017414,38.78069146796254,2024-01-29 14:23:55
433,433,1706538237,6,45.559555964269634,25.757265881216945,2024-01-29 14:23:57
434,434,1706538239,6,7.431238064372593,30.48187140521654,2024-01-29 14:23:59
435,435,1706538241,7,8.62092675377206,39.58094096812389,2024-01-29 14:24:01
436,436,1706538242,2,45.51139573442626,25.727050661073385,2024-01-29 14:24:02
437,437,1706538243,7,14.958333568253948,25.081432996584887,2024-01-29 14:24:03
438,438,1706538245,7,7.200222602426635,30.50690450306781,2024-01-29 14:24:05
439,439,1706538246,6,18.394972261014797,14.94164923274003,2024-01-29 14:24:06
440,440,1706538248,3,22.216317911294237,36.459069383218086,2024-01-29 14:24:08
441,441,1706538249,6,11.236288548981603,33.87069832849798,2024-01-29 14:24:09
442,442,1706538250,2,10.435922267798531,21.260921590117988,2024-01-29 14:24:10
443,443,1706538251,3,17.031171486134806,14.875000704761842,2024-01-29 14:24:11
444,444,1706538252,6,18.182492390832827,44.51328856079932,2024-01-29 14:24:12
445,445,1706538253,7,11.223585262388582,30.005298657628988,2024-01-29 14:24:13
446,446,1706538254,6,17.915164294534115,15.63853027095544,2024-01-29 14:24:14
447,447,1706538255,6,45.376969549842414,34.21630436012802,2024-01-29 14:24:15
448,448,1706538256,3,15.004968452842558,30.00257700157685,2024-01-29 14:24:16
449,449,1706538257,7,10.41884494520326,38.751633708902446,2024-01-29 14:24:17
450,450,1706538258,2,18.505365846622052,21.498800796552555,2024-01-29 14:24:18
451,451,1706538259,3,14.924821914955928,45.75917430194447,2024-01-29 14:24:19
452,452,1706538260,3,,,2024-01-29 14:24:20
453,453,1706538261,7,,,2024-01-29 14:24:21
454,454,1706538262,7,15.003880836232112,22.81395531358704,2024-01-29 14:24:22
455,455,1706538263,6,21.59520708165049,18.405476866887025,2024-01-29 14:24:23
456,456,1706538265,7,11.238549612021432,10.610407538614853,2024-01-29 14:24:25
457,457,1706538266,2,38.76943016596613,26.507084652964387,2024-01-29 14:24:26
458,458,1706538267,6,15.279889565978037,15.825011647879258,2024-01-29 14:24:27
459,459,1706538269,6,11.2282688146222,10.631931469820143,2024-01-29 14:24:29
460,460,1706538270,2,38.68690462129175,33.42961307766146,2024-01-29 14:24:30
461,461,1706538271,7,38.75501184407884,26.561873519490145,2024-01-29 14:24:31
462,462,1706538272,3,11.265523344928468,24.210018118477745,2024-01-29 14:24:32
463,463,1706538273,6,10.01237194150456,20.01237194150456,2024-01-29 14:24:33
464,464,1706538275,7,,,2024-01-29 14:24:35
465,465,1706538277,3,11.668097454345776,24.99931605146249,2024-01-29 14:24:37
466,466,1706538278,6,23.41554157519432,17.375225404227358,2024-01-29 14:24:38
467,467,1706538279,7,12.07984643881816,20.00184084225793,2024-01-29 14:24:39
468,468,1706538281,3,,,2024-01-29 14:24:41
469,469,1706538282,6,,,2024-01-29 14:24:42
470,470,1706538283,7,21.60467168989385,18.39332675330574,2024-01-29 14:24:43
471,471,1706538284,6,16.243341366788837,18.13863545144495,2024-01-29 14:24:44
472,472,1706538286,7,34.22951317638515,30.023567441144436,2024-01-29 14:24:46
473,473,1706538288,2,33.4232599502114,27.207248170259508,2024-01-29 14:24:48
474,474,1706538289,2,14.91686453893788,45.622991253356574,2024-01-29 14:24:49
475,475,1706538290,6,11.224980353836807,29.99584322694689,2024-01-29 14:24:50
476,476,1706538291,7,40.839235256137435,24.996865118188285,2024-01-29 14:24:51
477,477,1706538292,2,,,2024-01-29 14:24:52
478,478,1706538293,3,14.89567575464268,22.114128498890583,2024-01-29 14:24:53
479,479,1706538294,6,,,2024-01-29 14:24:54
480,480,1706538295,7,8.874625501741036,7.07868882441683,2024-01-29 14:24:55
481,481,1706538296,3,15.00034278627546,24.99080792464987,2024-01-29 14:24:56
482,482,1706538297,7,11.237310985010838,29.981702844454222,2024-01-29 14:24:57
483,483,1706538298,6,,,2024-01-29 14:24:58
484,484,1706538299,7,11.414117847209807,30.01567440905858,2024-01-29 14:24:59
485,485,1706538300,2,33.130635223542924,27.273510602313284,2024-01-29 14:25:00
486,486,1706538301,6,15.001945025575331,29.99459430584958,2024-01-29 14:25:01
487,487,1706538302,7,6.249932430981985,29.371007383300185,2024-01-29 14:25:02
488,488,1706538303,2,,,2024-01-29 14:25:03
489,489,1706538304,3,5.163126366892101,34.7576671937763,2024-01-29 14:25:04
490,490,1706538305,6,11.224980353836813,20.645779412436447,2024-01-29 14:25:05
491,491,1706538307,6,20.82366893119486,24.988427862754595,2024-01-29 14:25:07
492,492,1706538308,7,10.418434965026403,21.250007899177707,2024-01-29 14:25:08
493,493,1706538309,7,14.997371025887157,20.00778039734201,2024-01-29 14:25:09
494,494,1706538311,3,,,2024-01-29 14:25:11
495,495,1706538312,6,,,2024-01-29 14:25:12
496,496,1706538313,7,13.354885795684329,29.939188659799072,2024-01-29 14:25:13
497,497,1706538314,2,17.9436939289782,15.64527044673364,2024-01-29 14:25:14
498,498,1706538315,3,34.19014948438828,30.00514179413189,2024-01-29 14:25:15
499,499,1706538316,2,,,2024-01-29 14:25:16
500,500,1706538317,6,15.002162835180885,16.253244252771328,2024-01-29 14:25:17
501,501,1706538318,2,23.40793789179876,17.39067016387871,2024-01-29 14:25:18
502,502,1706538319,6,14.995781132807188,24.980069505377564,2024-01-29 14:25:19
503,503,1706538320,3,,,2024-01-29 14:25:20
504,504,1706538321,6,57.08334381164304,29.99751577357872,2024-01-29 14:25:21
505,505,1706538322,3,14.691798890710256,14.09520772533932,2024-01-29 14:25:22
506,506,1706538323,7,-7.493876393180528,29.99945800730945,2024-01-29 14:25:23
507,507,1706538324,2,21.57158746034615,34.70960837788477,2024-01-29 14:25:24
508,508,1706538325,6,15.009052326526223,22.104283066329003,2024-01-29 14:25:25
509,509,1706538327,7,11.25389928794974,29.984693558368978,2024-01-29 14:25:27
510,510,1706538329,3,34.17170628810503,29.99622028392123,2024-01-29 14:25:29
511,511,1706538330,2,17.501472673806347,17.499263663096826,2024-01-29 14:25:30
512,512,1706538331,6,5.004777442229265,34.99399532959878,2024-01-29 14:25:31
513,513,1706538332,3,11.665369982949777,25.001945025575328,2024-01-29 14:25:32
514,514,1706538333,6,20.00122825042783,29.998708439708647,2024-01-29 14:25:33
515,515,1706538334,7,-1.235976181018778,29.98389861182899,2024-01-29 14:25:34
516,516,1706538335,7,5.833293711894971,29.9925,2024-01-29 14:25:35
517,517,1706538337,2,11.674375830903523,34.9863892685313,2024-01-29 14:25:37
518,518,1706538338,3,16.252519810719186,18.121220283921225,2024-01-29 14:25:38
519,519,1706538339,7,11.251233063117402,10.627433102348704,2024-01-29 14:25:39
520,520,1706538340,3,-4.036715750490345,29.94762954516261,2024-01-29 14:25:40
521,521,1706538341,7,18.220753017563464,15.395687217899324,2024-01-29 14:25:41
522,522,1706538342,3,11.251987381137022,20.619986498712304,2024-01-29 14:25:42
523,523,1706538344,6,18.500929194354143,21.49907080564586,2024-01-29 14:25:44
524,524,1706538346,7,11.25,10.623101156493354,2024-01-29 14:25:46
525,525,1706538347,7,9.992747039196892,19.995376013309738,2024-01-29 14:25:47
526,526,1706538348,7,14.987519810719178,22.10638918436417,2024-01-29 14:25:48
527,527,1706538350,6,24.1604365244816,29.9925,2024-01-29 14:25:50
528,528,1706538351,7,16.246660103594795,18.126126668568155,2024-01-29 14:25:51
529,529,1706538352,7,18.32186331166592,24.995684576470094,2024-01-29 14:25:52
530,530,1706538353,3,,,2024-01-29 14:25:53
531,531,1706538354,6,45.695623048979535,34.299566740262655,2024-01-29 14:25:54
532,532,1706538355,2,11.260515896451382,21.85133923298439,2024-01-29 14:25:55
533,533,1706538356,3,18.356067179719727,14.950250593616811,2024-01-29 14:25:56
534,534,1706538357,2,-7.91781472025901,35.00000000000002,2024-01-29 14:25:57
535,535,1706538359,3,,,2024-01-29 14:25:59
536,536,1706538360,2,26.066948796365896,36.071115439540506,2024-01-29 14:26:00
537,537,1706538361,7,20.81141416156041,24.98682754728302,2024-01-29 14:26:01
538,538,1706538363,6,15.008610401942352,45.77802109927163,2024-01-29 14:26:03
539,539,1706538372,7,14.992698475013675,16.33565604154656,2024-01-29 14:26:12
540,540,1706538374,6,14.996865118188284,16.247142890560024,2024-01-29 14:26:14
541,541,1706538375,7,17.90866640512466,15.634082853950014,2024-01-29 14:26:15
542,542,1706538376,2,,,2024-01-29 14:26:16
543,543,1706538377,2,6.258249074728386,29.371874361287944,2024-01-29 14:26:17
544,544,1706538378,6,11.215558392230626,31.592060539785603,2024-01-29 14:26:18
545,545,1706538380,7,,,2024-01-29 14:26:20
546,546,1706538381,7,,,2024-01-29 14:26:21
547,547,1706538382,7,14.997007106527548,32.7009786709105,2024-01-29 14:26:22
548,548,1706538384,3,21.347564922038064,20.394899757916544,2024-01-29 14:26:24
549,549,1706538385,6,22.16959850944316,36.523878578436005,2024-01-29 14:26:25
550,550,1706538386,2,14.984288372570376,24.97885557622593,2024-01-29 14:26:26
551,551,1706538387,3,57.04730246965947,29.983244173350975,2024-01-29 14:26:27
552,552,1706538388,6,2.516106731304006,35.01465705005485,2024-01-29 14:26:28
553,553,1706538389,7,15.001945025575331,22.817163504321545,2024-01-29 14:26:29
554,554,1706538390,6,14.992310391390468,13.436036884749054,2024-01-29 14:26:30
555,555,1706538392,3,21.57407407407408,34.72222222222222,2024-01-29 14:26:32
556,556,1706538394,6,,,2024-01-29 14:26:34
557,557,1706538395,2,14.942001925468205,16.169491393744956,2024-01-29 14:26:35
558,558,1706538396,7,17.495675444679662,17.50216227766017,2024-01-29 14:26:36
559,559,1706538397,3,14.977771590844824,22.111996418178077,2024-01-29 14:26:37
560,560,1706538398,7,14.985974821987412,33.30618866989435,2024-01-29 14:26:38
561,561,1706538399,2,11.25,10.625,2024-01-29 14:26:39
562,562,1706538400,6,11.211007120502671,38.58981116490576,2024-01-29 14:26:40
563,563,1706538402,7,11.387114510183848,31.58986380724289,2024-01-29 14:26:42
564,564,1706538403,2,18.501300782457317,21.49869921754268,2024-01-29 14:26:43
565,565,1706538404,2,10.416863650424958,21.23007249514949,2024-01-29 14:26:44
566,566,1706538405,2,,,2024-01-29 14:26:45
567,567,1706538406,7,10.412378204594994,38.736317518991015,2024-01-29 14:26:46
568,568,1706538407,6,,,2024-01-29 14:26:47
569,569,1706538409,6,14.991911028304912,33.31070955741334,2024-01-29 14:26:49
570,570,1706538410,6,15.140251780125643,29.751985820586807,2024-01-29 14:26:50
571,571,1706538411,7,12.102969713014463,19.974806580783923,2024-01-29 14:26:51
572,572,1706538412,6,11.299089126878307,41.58361764347588,2024-01-29 14:26:52
573,573,1706538413,7,,,2024-01-29 14:26:53
574,574,1706538414,3,12.094157309935936,19.952416193790647,2024-01-29 14:26:54
575,575,1706538415,7,16.666666666666664,20.0,2024-01-29 14:26:55
576,576,1706538416,7,30.092046260495763,40.08229804062141,2024-01-29 14:26:56
577,577,1706538418,6,10.418948027399694,21.24054569316573,2024-01-29 14:26:58
578,578,1706538420,6,-3.758029841814448,31.87314791427363,2024-01-29 14:27:00
579,579,1706538421,6,45.58738012068517,34.325604784554585,2024-01-29 14:27:01
580,580,1706538422,7,25.334970080281007,31.75749380426473,2024-01-29 14:27:02
581,581,1706538424,6,14.9955648492891,14.98260057764046,2024-01-29 14:27:04
582,582,1706538426,6,26.02005510288474,36.02620581381007,2024-01-29 14:27:06
583,583,1706538428,3,,,2024-01-29 14:27:08
584,584,1706538429,7,57.03601165135896,29.985221334314375,2024-01-29 14:27:09
585,585,1706538430,6,,,2024-01-29 14:27:10
586,586,1706538432,2,-11.204686496413814,24.888594051075856,2024-01-29 14:27:12
587,587,1706538433,7,11.284441607769397,47.1432603715936,2024-01-29 14:27:13
588,588,1706538434,3,6.249143286359562,29.36703709708013,2024-01-29 14:27:14
589,589,1706538435,6,1.434677477451828,34.3904426526306,2024-01-29 14:27:15
590,590,1706538436,6,14.995256583509748,20.002917538363,2024-01-29 14:27:16
591,591,1706538437,6,38.746895331014315,33.435171498260736,2024-01-29 14:27:17
592,592,1706538438,2,,,2024-01-29 14:27:18
593,593,1706538439,7,16.24308957377596,18.128455213112016,2024-01-29 14:27:19
594,594,1706538440,7,,,2024-01-29 14:27:20
595,595,1706538441,7,7.427893815717743,30.47679076024762,2024-01-29 14:27:21
596,596,1706538442,3,,,2024-01-29 14:27:22
597,597,1706538443,3,7.645655710214859,29.9608696285812,2024-01-29 14:27:23
598,598,1706538444,2,30.37750897949892,24.974420425515024,2024-01-29 14:27:24
599,599,1706538445,7,15.245905788684343,15.814456089507964,2024-01-29 14:27:25
600,600,1706538447,7,5.809260415392698,30.0115874154881,2024-01-29 14:27:27
601,601,1706538448,6,23.393448274521003,17.363908263325424,2024-01-29 14:27:28
602,602,1706538449,7,14.950315471574417,45.0,2024-01-29 14:27:29
603,603,1706538451,6,-17.64449412784451,35.05418529794169,2024-01-29 14:27:31
604,604,1706538452,6,7.34233151034794,29.862445488431486,2024-01-29 14:27:32
605,605,1706538453,2,,,2024-01-29 14:27:33
606,606,1706538454,7,,,2024-01-29 14:27:34
607,607,1706538456,6,7.674161129454211,29.960165706614863,2024-01-29 14:27:36
608,608,1706538457,2,14.995781132807188,32.739307363384384,2024-01-29 14:27:37
609,609,1706538458,7,15.008849289074671,24.996119163767887,2024-01-29 14:27:38
610,610,1706538460,6,10.366113829533065,38.93305691476653,2024-01-29 14:27:40
611,611,1706538461,7,15.019930494622445,22.81416647077004,2024-01-29 14:27:41
612,612,1706538462,6,5.78582433386994,29.988075801900244,2024-01-29 14:27:42
613,613,1706538463,6,15.024486421233751,22.803317592037345,2024-01-29 14:27:43
614,614,1706538464,3,,,2024-01-29 14:27:44
615,615,1706538465,6,12.074418061474947,20.000000000000004,2024-01-29 14:27:45
616,616,1706538467,7,,,2024-01-29 14:27:47
617,617,1706538468,2,18.19136829459992,15.420918804625392,2024-01-29 14:27:48
618,618,1706538469,6,11.25,38.2242904695283,2024-01-29 14:27:49
619,619,1706538471,6,2.446682721260302,34.97505936168138,2024-01-29 14:27:51
620,620,1706538472,7,7.644316461393586,29.993759905359592,2024-01-29 14:27:52
621,621,1706538473,3,,,2024-01-29 14:27:53
622,622,1706538474,3,11.28367098688672,47.163061679286635,2024-01-29 14:27:54
623,623,1706538475,6,3.96772701328053,36.02964401260662,2024-01-29 14:27:55
624,624,1706538476,7,10.003404099599194,39.96997664799388,2024-01-29 14:27:56
625,625,1706538477,6,14.996690317682388,33.30240246054467,2024-01-29 14:27:57
626,626,1706538478,7,17.921012683509012,15.622424435905751,2024-01-29 14:27:58
627,627,1706538479,3,13.334593238692923,29.99622028392123,2024-01-29 14:27:59
628,628,1706538480,6,14.997509874864432,20.002488155787425,2024-01-29 14:28:00
629,629,1706538481,2,,,2024-01-29 14:28:01
630,630,1706538482,6,57.089794712987626,29.989427788112963,2024-01-29 14:28:02
631,631,1706538483,7,16.247896223298117,18.126051888350943,2024-01-29 14:28:03
632,632,1706538485,6,14.990947673473784,22.8109418591452,2024-01-29 14:28:05
633,633,1706538487,6,21.574815921574057,18.41361194118054,2024-01-29 14:28:07
634,634,1706538488,7,34.16592114042382,29.999096911700967,2024-01-29 14:28:08
635,635,1706538489,7,11.25778010230134,39.376399926015104,2024-01-29 14:28:09
636,636,1706538491,3,14.950315471574411,22.782361212133807,2024-01-29 14:28:11
637,637,1706538493,6,,,2024-01-29 14:28:13
638,638,1706538494,3,5.831198507777302,29.998432559094145,2024-01-29 14:28:14
639,639,1706538496,6,,,2024-01-29 14:28:16
640,640,1706538497,2,23.411326971386433,17.377357798449456,2024-01-29 14:28:17
641,641,1706538498,7,17.49985434261361,42.498268400781846,2024-01-29 14:28:18
642,642,1706538499,3,,,2024-01-29 14:28:19
643,643,1706538500,6,17.892292249990792,15.643280812506909,2024-01-29 14:28:20
644,644,1706538501,2,-10.833333333333336,25.0,2024-01-29 14:28:21
645,645,1706538503,10,30.126634264041392,19.878611228933,2024-01-29 14:28:23
646,646,1706538505,7,45.623319872284526,34.29566420563536,2024-01-29 14:28:25
647,647,1706538507,10,,,2024-01-29 14:28:27
648,648,1706538509,10,,,2024-01-29 14:28:29
649,649,1706538510,2,11.244541373030891,20.617697766327115,2024-01-29 14:28:30
650,650,1706538511,3,30.109464331251388,40.11777787735758,2024-01-29 14:28:31
651,651,1706538513,7,,,2024-01-29 14:28:33
652,652,1706538514,3,4.999515396525933,44.99837016109666,2024-01-29 14:28:34
653,653,1706538515,10,18.19090008601825,15.423205771718424,2024-01-29 14:28:35
654,654,1706538517,6,,,2024-01-29 14:28:37
655,655,1706538518,7,11.246555839223062,21.87282031479528,2024-01-29 14:28:38
656,656,1706538519,2,24.159495618997557,30.001224321061684,2024-01-29 14:28:39
657,657,1706538520,10,23.411326971386433,17.377357798449456,2024-01-29 14:28:40
658,658,1706538521,3,,,2024-01-29 14:28:41
659,659,1706538522,7,,,2024-01-29 14:28:42
660,660,1706538523,3,56.7478584285404,29.935126724766693,2024-01-29 14:28:43
661,661,1706538524,10,-10.836874455602192,25.004885683351617,2024-01-29 14:28:44
662,662,1706538526,7,-1.245984456286806,29.995043316639773,2024-01-29 14:28:46
663,663,1706538527,10,8.979010134781106,39.00763640162879,2024-01-29 14:28:47
664,664,1706538528,6,,,2024-01-29 14:28:48
665,665,1706538529,6,11.092136704970432,37.88820505745567,2024-01-29 14:28:49
666,666,1706538530,3,,,2024-01-29 14:28:50
667,667,1706538531,10,-0.303810613461081,28.551836439773744,2024-01-29 14:28:51
668,668,1706538533,3,,,2024-01-29 14:28:53
669,669,1706538534,2,,,2024-01-29 14:28:54
670,670,1706538535,6,5.71051390055834,29.989765074432913,2024-01-29 14:28:55
671,671,1706538536,10,15.262769953485616,44.17424957170072,2024-01-29 14:28:56
672,672,1706538537,6,11.28367098688672,10.680219968558966,2024-01-29 14:28:57
673,673,1706538538,10,16.664249697523992,20.005405694150415,2024-01-29 14:28:58
674,674,1706538539,3,38.72676645515529,33.434595806894414,2024-01-29 14:28:59
675,675,1706538540,6,12.027613120069176,20.03132402549289,2024-01-29 14:29:00
676,676,1706538541,7,,,2024-01-29 14:29:01
677,677,1706538542,2,9.997415158306968,20.007328525027425,2024-01-29 14:29:02
678,678,1706538543,3,-3.927108652002801,29.896410293344204,2024-01-29 14:29:03
679,679,1706538544,6,15.816112529448644,45.0,2024-01-29 14:29:04
680,680,1706538545,10,1.699901204371578,39.95639815820455,2024-01-29 14:29:05
681,681,1706538546,2,8.996109625530988,39.00583556170352,2024-01-29 14:29:06
682,682,1706538547,10,56.72638488179632,30.11544724674702,2024-01-29 14:29:07
683,683,1706538549,10,11.254335941524388,21.871079208296123,2024-01-29 14:29:09
684,684,1706538550,2,,,2024-01-29 14:29:10
685,685,1706538551,6,30.10001392949172,40.09386321856638,2024-01-29 14:29:11
686,686,1706538552,6,,,2024-01-29 14:29:12
687,687,1706538553,10,21.57407407407407,25.277777777777775,2024-01-29 14:29:13
688,688,1706538554,3,11.247826881462217,12.813255000716618,2024-01-29 14:29:14
689,689,1706538555,7,22.180097272100653,36.5435437724453,2024-01-29 14:29:15
690,690,1706538556,2,40.90186486084012,24.967009776949265,2024-01-29 14:29:16
691,691,1706538557,10,17.508025237725956,42.493981071705534,2024-01-29 14:29:17
692,692,1706538559,2,17.526785389806264,42.51770811843304,2024-01-29 14:29:19
693,693,1706538560,6,,,2024-01-29 14:29:20
694,694,1706538561,10,,,2024-01-29 14:29:21
695,695,1706538562,10,12.084865059962016,40.011614929426734,2024-01-29 14:29:22
696,696,1706538563,3,,,2024-01-29 14:29:23
697,697,1706538564,7,9.857369890345922,25.00841774672168,2024-01-29 14:29:24
698,698,1706538566,10,,,2024-01-29 14:29:26
699,699,1706538568,3,,,2024-01-29 14:29:28
700,700,1706538570,7,18.194023782551486,15.415004186383197,2024-01-29 14:29:30
701,701,1706538571,10,11.230457266593532,21.37745199751276,2024-01-29 14:29:31
702,702,1706538572,7,11.2597945684935,10.64827964372418,2024-01-29 14:29:32
703,703,1706538573,10,2.49372319023712,34.99631831548411,2024-01-29 14:29:33
704,704,1706538574,2,17.471828790991275,42.50136428281312,2024-01-29 14:29:34
705,705,1706538575,10,21.60266445716526,18.399015104115808,2024-01-29 14:29:35
706,706,1706538577,10,3.887914192223448,36.09120312411464,2024-01-29 14:29:37
707,707,1706538579,10,14.987727718280423,45.036816845158725,2024-01-29 14:29:39
708,708,1706538581,6,16.246264812296648,18.12686759385168,2024-01-29 14:29:41
709,709,1706538582,6,15.749089222852568,44.97416879417297,2024-01-29 14:29:42
710,710,1706538583,10,17.91932908723674,15.626996815427567,2024-01-29 14:29:43
711,711,1706538584,10,15.275962545663957,15.827887636991864,2024-01-29 14:29:44
712,712,1706538585,6,11.318720042049192,29.9608696285812,2024-01-29 14:29:45
713,713,1706538586,7,5.028597482198748,44.955,2024-01-29 14:29:46
714,714,1706538587,2,12.097208983753353,19.98127971607877,2024-01-29 14:29:47
715,715,1706538588,10,20.838588850344976,24.98996845284256,2024-01-29 14:29:48
716,716,1706538589,2,34.15696657330222,29.99470134237101,2024-01-29 14:29:49
717,717,1706538590,10,,,2024-01-29 14:29:50
718,718,1706538591,6,15.306874744743398,44.31842600012352,2024-01-29 14:29:51
719,719,1706538592,10,11.253444160776953,39.37603813185096,2024-01-29 14:29:52
720,720,1706538594,3,,,2024-01-29 14:29:54
721,721,1706538595,3,11.249999999999986,21.40997633963192,2024-01-29 14:29:55
722,722,1706538596,10,10.00847731999894,39.98105654554583,2024-01-29 14:29:56
723,723,1706538598,6,11.25217311853778,10.63058266369202,2024-01-29 14:29:58
724,724,1706538599,7,26.069501364442974,36.0670527223196,2024-01-29 14:29:59
725,725,1706538600,2,10.409529152298092,38.75296041032977,2024-01-29 14:30:00
726,726,1706538601,10,40.84923401556877,24.99269847501368,2024-01-29 14:30:01
727,727,1706538602,6,,,2024-01-29 14:30:02
728,728,1706538603,7,14.993313546106208,25.00171800105123,2024-01-29 14:30:03
729,729,1706538604,6,15.015711627429615,22.805149370532398,2024-01-29 14:30:04
730,730,1706538605,10,11.25,39.37916664317461,2024-01-29 14:30:05
731,731,1706538606,3,14.165662579043914,14.997677014114652,2024-01-29 14:30:06
732,732,1706538607,3,,,2024-01-29 14:30:07
733,733,1706538608,6,-14.51217057650198,39.95802413627621,2024-01-29 14:30:08
734,734,1706538609,10,,,2024-01-29 14:30:09
735,735,1706538610,7,15.006254911540797,24.991779267478663,2024-01-29 14:30:10
736,736,1706538611,10,16.66712657797298,39.992131760538406,2024-01-29 14:30:11
737,737,1706538613,6,24.154450520201607,30.0,2024-01-29 14:30:13
738,738,1706538615,10,11.187153490281505,47.20944146307279,2024-01-29 14:30:15
739,739,1706538616,3,11.495737756524903,21.499047438842517,2024-01-29 14:30:16
740,740,1706538617,7,,,2024-01-29 14:30:17
741,741,1706538618,10,-7.486823694505375,29.996404740725144,2024-01-29 14:30:18
742,742,1706538619,6,23.394134896583008,17.39552372151348,2024-01-29 14:30:19
743,743,1706538620,7,,,2024-01-29 14:30:20
744,744,1706538621,3,17.493522822778957,17.49752695670417,2024-01-29 14:30:21
745,745,1706538622,10,7.775219586423901,29.934639313772973,2024-01-29 14:30:22
746,746,1706538624,10,26.043824245123236,36.03928733463366,2024-01-29 14:30:24
747,747,1706538626,2,5.844492134265792,29.9982860686227,2024-01-29 14:30:26
748,748,1706538627,7,-5.030932322056792,45.01845213277598,2024-01-29 14:30:27
749,749,1706538629,7,14.996006369144876,19.997422998423158,2024-01-29 14:30:29
750,750,1706538630,3,11.435851700954586,21.441097193928982,2024-01-29 14:30:30
751,751,1706538631,7,15.010466134455235,29.973515020492567,2024-01-29 14:30:31
752,752,1706538632,2,30.067936953913343,40.072964637282176,2024-01-29 14:30:32
753,753,1706538633,7,14.991150710925323,13.4337874991563,2024-01-29 14:30:33
754,754,1706538634,10,-17.46382675443995,34.9820851773251,2024-01-29 14:30:34
755,755,1706538635,3,18.192428039782413,44.57728411934724,2024-01-29 14:30:35
756,756,1706538636,6,,,2024-01-29 14:30:36
757,757,1706538637,6,7.406268273287083,30.47704672315155,2024-01-29 14:30:37
758,758,1706538639,3,11.672161303334544,34.96990535852767,2024-01-29 14:30:39
759,759,1706538640,2,,,2024-01-29 14:30:40
760,760,1706538641,6,,,2024-01-29 14:30:41
761,761,1706538642,6,,,2024-01-29 14:30:42
762,762,1706538643,10,15.271074199952665,44.17169435003551,2024-01-29 14:30:43
763,763,1706538644,2,,,2024-01-29 14:30:44
764,764,1706538645,10,14.998565302931269,29.99164455383069,2024-01-29 14:30:45
765,765,1706538646,2,18.189019361061103,44.570846774074155,2024-01-29 14:30:46
766,766,1706538647,7,14.69642577825786,14.101777264297413,2024-01-29 14:30:47
767,767,1706538648,3,21.09518387373033,25.42274253898943,2024-01-29 14:30:48
768,768,1706538649,6,5.195057256237476,34.763605016180705,2024-01-29 14:30:49
769,769,1706538650,3,,,2024-01-29 14:30:50
770,770,1706538651,7,10.002748906760218,20.00429389549196,2024-01-29 14:30:51
771,771,1706538652,6,11.117612707295605,37.9779590924803,2024-01-29 14:30:52
772,772,1706538653,10,21.53889328605047,34.616679858151414,2024-01-29 14:30:53
773,773,1706538654,2,,,2024-01-29 14:30:54
774,774,1706538655,3,-3.699049026168296,31.830183085223375,2024-01-29 14:30:55
775,775,1706538656,2,,,2024-01-29 14:30:56
776,776,1706538657,7,9.856757969558451,25.00244864212337,2024-01-29 14:30:57
777,777,1706538658,6,,,2024-01-29 14:30:58
778,778,1706538659,10,57.06703046111828,30.005298657628988,2024-01-29 14:30:59
779,779,1706538660,3,14.997371025887151,34.996748043856705,2024-01-29 14:31:00
780,780,1706538661,10,14.987596508143971,16.253948187729186,2024-01-29 14:31:01
781,781,1706538662,2,6.207355897775443,30.629249095187628,2024-01-29 14:31:02
782,782,1706538663,6,15.26419627383072,44.18418131965439,2024-01-29 14:31:03
783,783,1706538664,6,14.996865118188284,24.99269847501368,2024-01-29 14:31:04
784,784,1706538665,10,11.50210303160253,33.80053610586444,2024-01-29 14:31:05
785,785,1706538667,7,15.245010247504672,44.14334657708408,2024-01-29 14:31:07
786,786,1706538668,2,14.994416476064908,13.48015757032628,2024-01-29 14:31:08
787,787,1706538669,10,,,2024-01-29 14:31:09
788,788,1706538671,3,11.669420508418028,34.984916949893474,2024-01-29 14:31:11
789,789,1706538672,10,11.255270433051578,24.212790158267143,2024-01-29 14:31:12
790,790,1706538673,6,10.369472643750846,38.76678019376823,2024-01-29 14:31:13
791,791,1706538674,10,-44.16666666666667,45.0,2024-01-29 14:31:14
792,792,1706538675,10,11.257224706392224,12.815209264897083,2024-01-29 14:31:15
793,793,1706538676,10,,,2024-01-29 14:31:16
794,794,1706538677,7,23.417446524256615,17.37529244659623,2024-01-29 14:31:17
795,795,1706538678,10,-27.50401102523112,19.998537767018867,2024-01-29 14:31:18
796,796,1706538679,2,10.007930864398736,20.011811700630847,2024-01-29 14:31:19
797,797,1706538680,6,,,2024-01-29 14:31:20
798,798,1706538682,3,-1.223044138383152,29.995125890062823,2024-01-29 14:31:22
799,799,1706538683,7,14.985431542352991,16.224358622638654,2024-01-29 14:31:23
800,800,1706538684,6,,,2024-01-29 14:31:24
801,801,1706538685,7,,,2024-01-29 14:31:25
802,802,1706538686,10,45.60494063831863,25.70563242021017,2024-01-29 14:31:26
803,803,1706538687,10,15.002722848170736,25.007743286284494,2024-01-29 14:31:27
804,804,1706538688,2,-0.309098531521272,28.554570690869287,2024-01-29 14:31:28
805,805,1706538689,10,11.20987381137023,20.657543283595704,2024-01-29 14:31:29
806,806,1706538691,3,20.000133842097355,29.990117938028288,2024-01-29 14:31:31
807,807,1706538692,6,34.14688299233889,30.01054386025387,2024-01-29 14:31:32
808,808,1706538693,10,,,2024-01-29 14:31:33
809,809,1706538694,10,10.91745815575149,41.09456675210846,2024-01-29 14:31:34
810,810,1706538695,2,15.281465609794296,15.822825273733717,2024-01-29 14:31:35
811,811,1706538696,6,-44.37520826290008,45.04093970226834,2024-01-29 14:31:36
812,812,1706538697,2,10.034045453229789,39.862118869748045,2024-01-29 14:31:37
813,813,1706538698,10,,,2024-01-29 14:31:38
814,814,1706538700,6,57.09858652879592,30.00367296318506,2024-01-29 14:31:40
815,815,1706538701,6,,,2024-01-29 14:31:41
816,816,1706538702,2,-23.74477869864309,44.08161350213861,2024-01-29 14:31:42
817,817,1706538703,10,14.990319356314709,45.73625165159183,2024-01-29 14:31:43
818,818,1706538704,2,17.388203865891416,15.115618010000636,2024-01-29 14:31:44
819,819,1706538705,6,,,2024-01-29 14:31:45
820,820,1706538706,3,,,2024-01-29 14:31:46
821,821,1706538707,10,,,2024-01-29 14:31:47
822,822,1706538708,3,-7.930800995497279,35.00951676124187,2024-01-29 14:31:48
823,823,1706538709,10,10.400408782117168,21.25787798988223,2024-01-29 14:31:49
824,824,1706538710,2,11.410792428767309,12.93309432157548,2024-01-29 14:31:50
825,825,1706538711,7,11.347945684935032,38.18604061756328,2024-01-29 14:31:51
826,826,1706538712,10,20.01058785497541,29.988047488282312,2024-01-29 14:31:52
827,827,1706538713,3,9.990099001950547,40.00647313529485,2024-01-29 14:31:53
828,828,1706538714,6,7.401037380569988,29.523184873542416,2024-01-29 14:31:54
829,829,1706538715,2,,,2024-01-29 14:31:55
830,830,1706538716,3,,,2024-01-29 14:31:56
831,831,1706538717,2,11.438475222110768,21.44577674709709,2024-01-29 14:31:57
832,832,1706538718,6,5.156922170891182,34.77384281005123,2024-01-29 14:31:58
833,833,1706538719,3,11.433575125414558,38.58360488509774,2024-01-29 14:31:59
834,834,1706538720,10,,,2024-01-29 14:32:00
835,835,1706538722,6,12.556234697584577,19.93194634265648,2024-01-29 14:32:02
836,836,1706538723,10,25.95504697403594,21.786839751854,2024-01-29 14:32:03
837,837,1706538724,2,5.399149300625069,34.984916949893474,2024-01-29 14:32:04
838,838,1706538725,3,11.232738305880446,29.992826514656333,2024-01-29 14:32:05
839,839,1706538726,6,18.172151470832038,15.445658678595557,2024-01-29 14:32:06
840,840,1706538727,10,5.011934201884117,34.98534294994515,2024-01-29 14:32:07
841,841,1706538728,7,0.983417005053802,29.996698157798576,2024-01-29 14:32:08
842,842,1706538729,10,-14.591772637807315,20.0,2024-01-29 14:32:09
843,843,1706538730,10,18.348132383405407,14.970259899838627,2024-01-29 14:32:10
844,844,1706538732,7,,,2024-01-29 14:32:12
845,845,1706538734,10,18.195050958552123,15.414847124343629,2024-01-29 14:32:14
846,846,1706538736,3,,,2024-01-29 14:32:16
847,847,1706538737,6,11.43503851761882,21.44837974709387,2024-01-29 14:32:17
848,848,1706538738,10,10.351482556226143,38.925741278113065,2024-01-29 14:32:18
849,849,1706538739,2,6.266627252929027,29.380153762078795,2024-01-29 14:32:19
850,850,1706538740,6,17.47285429252321,42.493266631636736,2024-01-29 14:32:20
851,851,1706538741,3,20.838646136698195,25.002992893472456,2024-01-29 14:32:21
852,852,1706538742,3,,,2024-01-29 14:32:22
853,853,1706538744,10,16.24081046653292,18.12416197038909,2024-01-29 14:32:24
854,854,1706538746,10,,,2024-01-29 14:32:26
855,855,1706538747,3,-7.497374266219907,30.00199681542756,2024-01-29 14:32:27
856,856,1706538749,2,23.406088227436204,17.375997608764994,2024-01-29 14:32:29
857,857,1706538750,7,,,2024-01-29 14:32:30
858,858,1706538751,10,15.298053442598563,44.07868269262564,2024-01-29 14:32:31
859,859,1706538752,6,7.666766893114286,29.801167175805816,2024-01-29 14:32:32
860,860,1706538753,10,-44.069070911680186,44.962113091091645,2024-01-29 14:32:33
861,861,1706538754,7,,,2024-01-29 14:32:34
862,862,1706538755,7,,,2024-01-29 14:32:35
863,863,1706538756,3,11.252735794150048,20.624175382559425,2024-01-29 14:32:36
864,864,1706538757,10,26.0703806565036,36.07426149273572,2024-01-29 14:32:37
865,865,1706538758,6,18.306031705434744,15.056651643530737,2024-01-29 14:32:38
866,866,1706538760,10,10.417239718573736,21.247625185494368,2024-01-29 14:32:40
867,867,1706538762,6,5.242407914199639,34.76101994855496,2024-01-29 14:32:42
868,868,1706538764,10,74.25718993192889,14.972843020421331,2024-01-29 14:32:44
869,869,1706538765,10,,,2024-01-29 14:32:45
870,870,1706538766,7,-27.485086231038245,39.99009447339574,2024-01-29 14:32:46
871,871,1706538768,3,14.71511773677673,45.900996451622255,2024-01-29 14:32:48
872,872,1706538769,6,,,2024-01-29 14:32:49
873,873,1706538770,2,18.325587028012286,24.9965721372454,2024-01-29 14:32:50
874,874,1706538771,10,45.597921719271376,25.702353012037968,2024-01-29 14:32:51
875,875,1706538772,2,,,2024-01-29 14:32:52
876,876,1706538773,7,,,2024-01-29 14:32:53
877,877,1706538775,10,,,2024-01-29 14:32:55
878,878,1706538776,2,15.015898930799684,15.05933930109538,2024-01-29 14:32:56
879,879,1706538777,7,21.099041342409485,25.425718993192888,2024-01-29 14:32:57
880,880,1706538778,2,17.052928188264232,14.962113091091656,2024-01-29 14:32:58
881,881,1706538779,10,-3.757991127571714,28.128995563785857,2024-01-29 14:32:59
882,882,1706538781,7,14.991686453893784,25.0034278627546,2024-01-29 14:33:01
883,883,1706538782,10,-0.305729649107306,28.554851465490447,2024-01-29 14:33:02
884,884,1706538783,7,10.355414796936936,38.92382656223636,2024-01-29 14:33:03
885,885,1706538784,10,22.191122967747415,23.449860955611214,2024-01-29 14:33:04
886,886,1706538785,2,,,2024-01-29 14:33:05
887,887,1706538787,3,7.412853585966729,29.523212514199017,2024-01-29 14:33:07
888,888,1706538788,7,5.229402425431875,34.78307776384896,2024-01-29 14:33:08
889,889,1706538789,2,,,2024-01-29 14:33:09
890,890,1706538791,10,22.187280232529744,23.448442890674546,2024-01-29 14:33:11
891,891,1706538793,3,13.332604423034828,29.98752968084068,2024-01-29 14:33:13
892,892,1706538794,7,,,2024-01-29 14:33:14
893,893,1706538795,6,,,2024-01-29 14:33:15
894,894,1706538796,7,12.046289943825435,20.028325821765367,2024-01-29 14:33:16
895,895,1706538797,10,11.314012618863003,39.4129779169898,2024-01-29 14:33:17
896,896,1706538799,6,,,2024-01-29 14:33:19
897,897,1706538800,10,15.001658770524948,30.05780900500032,2024-01-29 14:33:20
898,898,1706538801,6,,,2024-01-29 14:33:21
899,899,1706538802,10,,,2024-01-29 14:33:22
900,900,1706538803,6,11.25,39.38296834114512,2024-01-29 14:33:23
901,901,1706538805,10,5.140635160277395,34.790888101841844,2024-01-29 14:33:25
902,902,1706538806,10,18.327103379531277,24.96232170352736,2024-01-29 14:33:26
903,903,1706538807,3,11.196635082099746,41.50062362510428,2024-01-29 14:33:27
904,904,1706538808,7,21.114429331777256,25.41648999451219,2024-01-29 14:33:28
905,905,1706538809,2,-0.317175959226233,28.555417492153147,2024-01-29 14:33:29
906,906,1706538810,10,30.0864560341494,19.925816247570175,2024-01-29 14:33:30
907,907,1706538812,10,,,2024-01-29 14:33:32
908,908,1706538813,6,33.37021593919024,27.234973007601216,2024-01-29 14:33:33
909,909,1706538814,10,34.11586080043729,29.978905664035928,2024-01-29 14:33:34
910,910,1706538815,3,,,2024-01-29 14:33:35
911,911,1706538816,10,14.321419993640845,45.04304091206204,2024-01-29 14:33:36
912,912,1706538818,3,18.196864753929535,44.582425717276415,2024-01-29 14:33:38
913,913,1706538819,7,21.390381648460888,20.412380542195244,2024-01-29 14:33:39
914,914,1706538820,6,,,2024-01-29 14:33:40
915,915,1706538821,7,,,2024-01-29 14:33:41
916,916,1706538822,10,14.99783716481912,25.00831354610621,2024-01-29 14:33:42
917,917,1706538823,3,14.666873739098406,45.91350087286553,2024-01-29 14:33:43
918,918,1706538825,7,30.1828994157374,19.853138545265416,2024-01-29 14:33:45
919,919,1706538826,10,15.022738416174803,32.76233677006252,2024-01-29 14:33:46
920,920,1706538827,10,14.316290967214162,45.02157155564917,2024-01-29 14:33:47
921,921,1706538828,10,,,2024-01-29 14:33:48
922,922,1706538829,3,-4.996594152250871,44.993511494457366,2024-01-29 14:33:49
923,923,1706538830,6,11.25,21.396367938028288,2024-01-29 14:33:50
924,924,1706538831,2,11.236288548981598,41.5470746176043,2024-01-29 14:33:51
925,925,1706538832,10,7.424865109715,29.522540467085516,2024-01-29 14:33:52
926,926,1706538834,10,,,2024-01-29 14:33:54
927,927,1706538835,10,45.60496819186186,25.700754866080093,2024-01-29 14:33:55
928,928,1706538836,6,6.258797144444848,29.38025641610871,2024-01-29 14:33:56
929,929,1706538837,7,11.51342521003682,38.52511412663007,2024-01-29 14:33:57
930,930,1706538838,10,11.177752936077797,24.263159735982875,2024-01-29 14:33:58
931,931,1706538839,10,11.689343123191463,24.989160146189015,2024-01-29 14:33:59
932,932,1706538840,2,,,2024-01-29 14:34:00
933,933,1706538841,10,8.602395836722934,39.590584990567415,2024-01-29 14:34:01
934,934,1706538842,7,-17.58173686119406,35.03744056784244,2024-01-29 14:34:02
935,935,1706538843,10,56.84475370538445,30.093247076559607,2024-01-29 14:34:03
936,936,1706538844,3,10.351563094373418,38.93281078735596,2024-01-29 14:34:04
937,937,1706538845,3,15.0,45.0,2024-01-29 14:34:05
938,938,1706538846,7,,,2024-01-29 14:34:06
939,939,1706538848,3,,,2024-01-29 14:34:08
940,940,1706538849,3,11.280071234017656,39.39447076771973,2024-01-29 14:34:09
941,941,1706538850,10,11.30051587854446,28.33973824445784,2024-01-29 14:34:10
942,942,1706538851,6,40.78830964789558,25.028625969946425,2024-01-29 14:34:11
943,943,1706538852,7,33.38495962444259,27.23786222702828,2024-01-29 14:34:12
944,944,1706538853,3,11.219026854862022,24.23617239414012,2024-01-29 14:34:13
945,945,1706538854,10,12.479940638318652,39.989970319159326,2024-01-29 14:34:14
946,946,1706538855,6,14.998916014618883,45.782948054809275,2024-01-29 14:34:15
947,947,1706538856,10,25.374432689947863,31.76860812285975,2024-01-29 14:34:16
948,948,1706538857,6,11.255270433051583,33.8789341152946,2024-01-29 14:34:17
949,949,1706538859,6,57.16935565217908,30.024259075141813,2024-01-29 14:34:19
950,950,1706538860,10,,,2024-01-29 14:34:20
951,951,1706538863,10,15.760425688101172,44.941025370583915,2024-01-29 14:34:23
952,952,1706538864,6,11.234213670497049,38.18527223319317,2024-01-29 14:34:24
953,953,1706538866,10,14.989402684742029,34.980188946791465,2024-01-29 14:34:26
954,954,1706538868,6,,,2024-01-29 14:34:28
955,955,1706538869,10,18.19195345620952,44.590517418683355,2024-01-29 14:34:29
956,956,1706538870,3,12.350489913091906,39.92884875264623,2024-01-29 14:34:30
957,957,1706538871,10,-4.891301052106471,44.89021706672537,2024-01-29 14:34:31
958,958,1706538872,2,11.22358526238861,47.207311053208535,2024-01-29 14:34:32
959,959,1706538873,7,8.645833098412936,39.62507402549256,2024-01-29 14:34:33
960,960,1706538874,3,15.021144423774064,45.811365777535045,2024-01-29 14:34:34
961,961,1706538875,6,11.227665904259627,30.02040658914218,2024-01-29 14:34:35
962,962,1706538876,7,11.2337836426131,38.10392742006295,2024-01-29 14:34:36
963,963,1706538877,10,10.28476278292156,21.04336562246662,2024-01-29 14:34:37
964,964,1706538878,3,14.988859405107585,44.93995329598778,2024-01-29 14:34:38
965,965,1706538879,6,9.480245522549144,34.143052425735576,2024-01-29 14:34:39
966,966,1706538880,6,,,2024-01-29 14:34:40
967,967,1706538882,7,38.75150018961247,33.44120214378618,2024-01-29 14:34:42
968,968,1706538883,7,17.84168715921344,15.756412715634012,2024-01-29 14:34:43
969,969,1706538884,10,11.22079390005471,33.883761829983584,2024-01-29 14:34:44
970,970,1706538886,7,10.357142857142858,21.071428571428573,2024-01-29 14:34:46
971,971,1706538888,10,33.21384443962549,27.284377482838323,2024-01-29 14:34:48
972,972,1706538890,6,11.10908138260295,37.83802775232897,2024-01-29 14:34:50
973,973,1706538892,3,30.42820178763135,25.00216283518088,2024-01-29 14:34:52
974,974,1706538893,6,18.190740761622592,44.584722214391526,2024-01-29 14:34:53
975,975,1706538894,3,,,2024-01-29 14:34:54
976,976,1706538895,7,40.83209763276864,25.002088268366197,2024-01-29 14:34:55
977,977,1706538896,6,11.25687200420492,29.99891858240956,2024-01-29 14:34:56
978,978,1706538898,7,26.04052586373572,21.71421271328592,2024-01-29 14:34:58
979,979,1706538899,10,10.347687700362812,38.94399062832191,2024-01-29 14:34:59
980,980,1706538900,3,3.924954583796861,36.06871593784765,2024-01-29 14:35:00
981,981,1706538902,6,3.930952367528342,36.07321427564626,2024-01-29 14:35:02
982,982,1706538903,3,22.147454468075775,23.449522712764207,2024-01-29 14:35:03
983,983,1706538905,3,17.497918806277916,42.506702689423456,2024-01-29 14:35:05
984,984,1706538907,10,3.913070941138841,36.07689751170371,2024-01-29 14:35:07
985,985,1706538909,7,11.248045726659347,47.190127197948165,2024-01-29 14:35:09
986,986,1706538910,3,3.931707685657727,36.06983730307402,2024-01-29 14:35:10
987,987,1706538911,10,40.84632546513095,24.99737102588716,2024-01-29 14:35:11
988,988,1706538913,6,17.55000046227002,17.468396084462146,2024-01-29 14:35:13
989,989,1706538914,2,7.657319672499426,29.991706147375258,2024-01-29 14:35:14
990,990,1706538915,6,4.366063066125292,35.940999874207776,2024-01-29 14:35:15
991,991,1706538916,7,14.222705391229642,44.91412209016077,2024-01-29 14:35:16
992,992,1706538918,10,34.16563667417884,30.000772494365872,2024-01-29 14:35:18
993,993,1706538919,2,11.246674581557516,33.89084655745736,2024-01-29 14:35:19
994,994,1706538920,10,11.248273830588037,38.59677650383996,2024-01-29 14:35:20
995,995,1706538922,3,15.031156162896496,45.81316828070927,2024-01-29 14:35:22
996,996,1706538923,6,17.50382846533445,42.50499689046073,2024-01-29 14:35:23
997,997,1706538924,3,,,2024-01-29 14:35:24
998,998,1706538926,7,11.266666572698432,41.578672892708894,2024-01-29 14:35:26
999,999,1706538927,10,57.736068846138494,30.14983364196963,2024-01-29 14:35:27
1000,1000,1706538928,7,11.25433594152434,41.56261955359396,2024-01-29 14:35:28
1001,1001,1706538930,6,11.278762074198887,33.880225047349974,2024-01-29 14:35:30
1002,1002,1706538931,6,57.20144528095793,29.985377670188477,2024-01-29 14:35:31
1003,1003,1706538932,10,,,2024-01-29 14:35:32
1004,1004,1706538934,6,9.399915780801903,34.15343962611876,2024-01-29 14:35:34
1005,1005,1706538936,3,14.996827746252707,35.023905023435375,2024-01-29 14:35:36
1006,1006,1706538937,6,,,2024-01-29 14:35:37
1007,1007,1706538938,7,,,2024-01-29 14:35:38
1008,1008,1706538942,3,2.452604748499226,34.981547867224,2024-01-29 14:35:42
1009,1009,1706538944,10,8.609792455063463,39.58993530409507,2024-01-29 14:35:44
1010,1010,1706538945,3,57.89140264793669,30.14778665685621,2024-01-29 14:35:45
1011,1011,1706538947,2,,,2024-01-29 14:35:47
1012,1012,1706538953,10,11.422150629342326,39.507464137336555,2024-01-29 14:35:53
1013,1013,1706538955,7,11.43805989419164,38.559777270627485,2024-01-29 14:35:55
1014,1014,1706538956,10,14.9720160908508,35.150830501065194,2024-01-29 14:35:56
1015,1015,1706538957,6,11.193899287949776,47.20707553403768,2024-01-29 14:35:57
1016,1016,1706538958,2,15.275513731325752,44.16804027622855,2024-01-29 14:35:58
1017,1017,1706538959,7,3.921179821988801,36.07385172516863,2024-01-29 14:35:59
1018,1018,1706538960,3,15.224830182846963,44.207839595845925,2024-01-29 14:36:00
1019,1019,1706538961,10,11.290126188629737,41.59841589582047,2024-01-29 14:36:01
1020,1020,1706538963,6,11.246100712050248,47.20632043884926,2024-01-29 14:36:03
1021,1021,1706538964,3,5.363386161917802,34.96255943215753,2024-01-29 14:36:04
1022,1022,1706538965,7,8.879011157261385,34.60640364480041,2024-01-29 14:36:05
1023,1023,1706538966,10,11.36450387978568,47.09171656355648,2024-01-29 14:36:06
1024,1024,1706538967,2,2.411151021261134,34.9449781953726,2024-01-29 14:36:07
1025,1025,1706538968,6,15.05311239118018,44.43154518572376,2024-01-29 14:36:08
1026,1026,1706538969,3,5.189116651727289,34.78598209691701,2024-01-29 14:36:09
1027,1027,1706538971,7,,,2024-01-29 14:36:11
1028,1028,1706538973,10,17.503578314102086,42.5066409720794,2024-01-29 14:36:13
1029,1029,1706538975,6,13.347216847704352,30.02966965054769,2024-01-29 14:36:15
1030,1030,1706538976,3,11.234025476579518,41.61962336967501,2024-01-29 14:36:16
1031,1031,1706538978,10,16.278757364118356,18.11018977558783,2024-01-29 14:36:18
1032,1032,1706538980,6,14.685731286498651,45.899100767563006,2024-01-29 14:36:20
1033,1033,1706538981,7,10.330286608827729,21.053507877468974,2024-01-29 14:36:21
1034,1034,1706538982,3,34.126571687976494,30.04134794677425,2024-01-29 14:36:22
1035,1035,1706538983,10,35.11673990114183,14.908161350213865,2024-01-29 14:36:23
1036,1036,1706538984,3,5.228580492019503,34.76688259749093,2024-01-29 14:36:24
1037,1037,1706538985,6,11.218502131651077,39.369717200280775,2024-01-29 14:36:25
1038,1038,1706538986,10,12.477735013067615,39.99417874565182,2024-01-29 14:36:26
1039,1039,1706538988,6,15.274965199649223,44.16244779947385,2024-01-29 14:36:28
1040,1040,1706538990,6,,,2024-01-29 14:36:30
1041,1041,1706538991,2,5.196983253074393,34.78370132339569,2024-01-29 14:36:31
1042,1042,1706538992,10,12.520813475630014,40.01872028392122,2024-01-29 14:36:32
1043,1043,1706538993,7,5.846002932613615,29.9979166784127,2024-01-29 14:36:33
1044,1044,1706538994,7,14.994567203655537,22.108356350685412,2024-01-29 14:36:34
1045,1045,1706538995,10,15.280371145211554,44.164721641091326,2024-01-29 14:36:35
1046,1046,1706538996,10,8.97911716527831,39.03132425208253,2024-01-29 14:36:36
1047,1047,1706538997,3,11.222642058499495,20.665298223157173,2024-01-29 14:36:37
1048,1048,1706538998,6,4.987053729410285,35.012946270589715,2024-01-29 14:36:38
1049,1049,1706538999,2,11.504074511039295,38.51358214196566,2024-01-29 14:36:39
1050,1050,1706539000,10,,,2024-01-29 14:36:40
1051,1051,1706539001,3,-3.762078349411809,28.125793681731533,2024-01-29 14:36:41
1052,1052,1706539003,10,,,2024-01-29 14:36:43
1053,1053,1706539004,3,21.36304736765306,20.398911503811444,2024-01-29 14:36:44
1054,1054,1706539005,7,17.502620431461338,42.49987551866194,2024-01-29 14:36:45
1055,1055,1706539006,2,11.307387882749378,28.336645842565627,2024-01-29 14:36:46
1056,1056,1706539007,10,26.046192829929783,21.722144622447328,2024-01-29 14:36:47
1057,1057,1706539008,6,11.274602843701302,28.37076644267424,2024-01-29 14:36:48
1058,1058,1706539009,10,18.194728042225496,44.58160100609379,2024-01-29 14:36:49
1059,1059,1706539010,3,-3.75137440084098,28.125687200420494,2024-01-29 14:36:50
1060,1060,1706539012,6,11.249999999999996,12.850297160787738,2024-01-29 14:36:52
1061,1061,1706539013,10,11.254908912687824,41.569314087065166,2024-01-29 14:36:53
1062,1062,1706539014,10,7.640957421023793,30.00097251278767,2024-01-29 14:36:54
1063,1063,1706539016,3,11.237669368825967,47.20407649840795,2024-01-29 14:36:56
1064,1064,1706539018,6,,,2024-01-29 14:36:58
1065,1065,1706539019,2,-27.498370161096656,39.99918508054833,2024-01-29 14:36:59
1066,1066,1706539020,10,11.452425674599258,38.42734388483992,2024-01-29 14:37:00
1067,1067,1706539021,6,14.701101444176375,45.900789637697684,2024-01-29 14:37:01
1068,1068,1706539023,10,8.998066200442768,39.03122652110122,2024-01-29 14:37:03
1069,1069,1706539024,7,,,2024-01-29 14:37:04
1070,1070,1706539025,10,7.429407103360191,29.528665982560437,2024-01-29 14:37:05
1071,1071,1706539026,10,11.241993772798338,41.55349299439813,2024-01-29 14:37:06
1072,1072,1706539027,10,21.63602641549957,25.09192075350129,2024-01-29 14:37:07
1073,1073,1706539028,10,,,2024-01-29 14:37:08
1074,1074,1706539030,7,11.246555839223037,28.3775451346646,2024-01-29 14:37:10
1075,1075,1706539032,6,21.57282781501868,25.284099675526672,2024-01-29 14:37:12
1076,1076,1706539033,3,14.998682391737104,44.37298587099656,2024-01-29 14:37:13
1077,1077,1706539034,10,16.251701796366604,18.135721239062104,2024-01-29 14:37:14
1078,1078,1706539035,6,9.486555805829866,34.13848582849478,2024-01-29 14:37:15
1079,1079,1706539037,10,,,2024-01-29 14:37:17
1080,1080,1706539039,6,,,2024-01-29 14:37:19
1081,1081,1706539040,10,11.248910860731696,38.59565959482592,2024-01-29 14:37:20
1082,1082,1706539041,3,,,2024-01-29 14:37:21
1083,1083,1706539045,2,,,2024-01-29 14:37:25
1084,1084,1706539046,6,6.253171694248422,30.624603538218945,2024-01-29 14:37:26
1085,1085,1706539047,10,45.62377277182806,34.29733521056448,2024-01-29 14:37:27
1086,1086,1706539048,10,14.99802202329684,45.78140961582888,2024-01-29 14:37:28
1087,1087,1706539050,6,17.917812000700824,15.625859000525612,2024-01-29 14:37:30
1088,1088,1706539052,6,5.264664266043361,34.890217066725334,2024-01-29 14:37:32
1089,1089,1706539053,10,20.007868239461583,29.992131760538417,2024-01-29 14:37:33
1090,1090,1706539054,7,18.557818721158636,21.49156046931923,2024-01-29 14:37:34
1091,1091,1706539055,10,12.52768887590943,40.07966858677028,2024-01-29 14:37:35
1092,1092,1706539056,10,11.2367115529824,33.87825019720212,2024-01-29 14:37:36
1093,1093,1706539057,10,34.19358548649074,30.00514179413189,2024-01-29 14:37:37
1094,1094,1706539058,6,21.590678879039004,25.27545742671484,2024-01-29 14:37:38
1095,1095,1706539059,10,11.2492273830588,30.00208490535959,2024-01-29 14:37:39
1096,1096,1706539060,2,24.98939911078262,15.023229858853494,2024-01-29 14:37:40
1097,1097,1706539061,7,,,2024-01-29 14:37:41
1098,1098,1706539062,2,8.616658901413835,39.5775886494561,2024-01-29 14:37:42
1099,1099,1706539063,2,11.219026854862006,10.578540282293012,2024-01-29 14:37:43
1100,1100,1706539064,6,-1.249935157722881,30.001610138817096,2024-01-29 14:37:44
1101,1101,1706539065,10,11.249771534723733,39.37646890282293,2024-01-29 14:37:45
1102,1102,1706539066,6,-27.498492148920132,39.99941787456519,2024-01-29 14:37:46
1103,1103,1706539067,7,,,2024-01-29 14:37:47
1104,1104,1706539068,10,,,2024-01-29 14:37:48
1105,1105,1706539070,3,17.359441791692532,15.113034889417932,2024-01-29 14:37:50
1106,1106,1706539071,6,-4.164553487601374,30.002371708245125,2024-01-29 14:37:51
1107,1107,1706539072,7,8.89168901731258,34.5865051671425,2024-01-29 14:37:52
1108,1108,1706539073,10,,,2024-01-29 14:37:53
1109,1109,1706539074,6,,,2024-01-29 14:37:54
1110,1110,1706539079,3,70.60682142916653,24.99138959805765,2024-01-29 14:37:59
1111,1111,1706539080,7,11.256179954926978,20.62245330217096,2024-01-29 14:38:00
1112,1112,1706539081,10,24.959968863991847,15.060046704012231,2024-01-29 14:38:01
1113,1113,1706539082,3,,,2024-01-29 14:38:02
1114,1114,1706539083,6,33.837708943280205,29.757905694150416,2024-01-29 14:38:03
1115,1115,1706539085,7,23.46863840429119,17.356692240821463,2024-01-29 14:38:05
1116,1116,1706539087,7,12.503488736586624,40.00333426137328,2024-01-29 14:38:07
1117,1117,1706539092,2,15.838369285778816,45.00742446596232,2024-01-29 14:38:12
1118,1118,1706539094,10,11.251246246515864,47.22615617178933,2024-01-29 14:38:14
1119,1119,1706539096,10,11.249466350820995,39.375618104317965,2024-01-29 14:38:16
1120,1120,1706539098,7,10.436264883252946,21.23584461719474,2024-01-29 14:38:18
1121,1121,1706539100,3,11.232738305880392,12.818497183864466,2024-01-29 14:38:20
1122,1122,1706539101,10,-0.310382703701791,28.558243369478053,2024-01-29 14:38:21
1123,1123,1706539103,6,11.224980353836807,10.562529892436578,2024-01-29 14:38:23
1124,1124,1706539105,7,15.837978625717852,45.00389239651399,2024-01-29 14:38:25
1125,1125,1706539107,6,8.995355869245447,39.026325586421194,2024-01-29 14:38:27
1126,1126,1706539109,10,,,2024-01-29 14:38:29
1127,1127,1706539111,2,11.216745815575138,21.396350577906627,2024-01-29 14:38:31
1128,1128,1706539112,7,-4.149278438118763,30.01304117141093,2024-01-29 14:38:32
1129,1129,1706539113,7,12.083496790047183,40.00018862937942,2024-01-29 14:38:33
1130,1130,1706539114,7,-1.967009791330675,31.657252127354297,2024-01-29 14:38:34
1131,1131,1706539115,6,21.64484824275561,25.264483797648214,2024-01-29 14:38:35
1132,1132,1706539116,10,,,2024-01-29 14:38:36
1133,1133,1706539117,2,,,2024-01-29 14:38:37
1134,1134,1706539118,10,,,2024-01-29 14:38:38
1135,1135,1706539119,3,12.500187861947596,40.00013273933612,2024-01-29 14:38:39
1136,1136,1706539120,10,11.230126188629768,24.228684941002047,2024-01-29 14:38:40
1137,1137,1706539121,2,57.10996472231992,29.99471555184761,2024-01-29 14:38:41
1138,1138,1706539122,3,3.917625168991222,36.07849399477667,2024-01-29 14:38:42
1139,1139,1706539123,6,31.55974894862837,25.861946677666538,2024-01-29 14:38:43
1140,1140,1706539124,6,15.000038900511512,37.89089216348727,2024-01-29 14:38:44
1141,1141,1706539125,6,74.21587235406935,45.018452132776,2024-01-29 14:38:45
1142,1142,1706539126,3,6.250023146520853,40.0000238483962,2024-01-29 14:38:46
1143,1143,1706539127,3,11.239920757123272,10.612464256267607,2024-01-29 14:38:47
1144,1144,1706539128,3,,,2024-01-29 14:38:48
1145,1145,1706539129,6,11.249804572665935,38.59378664262513,2024-01-29 14:38:49
1146,1146,1706539130,7,24.180554124878608,29.995102530036142,2024-01-29 14:38:50
1147,1147,1706539131,10,,,2024-01-29 14:38:51
1148,1148,1706539132,10,,,2024-01-29 14:38:52
1149,1149,1706539134,10,11.249980457266616,26.12499577088888,2024-01-29 14:38:54
1150,1150,1706539135,10,-5.003050746302058,45.00234782228513,2024-01-29 14:38:55
1151,1151,1706539136,2,-3.749323825978699,31.87450444162127,2024-01-29 14:38:56
1152,1152,1706539137,10,15.000079683411457,22.812470118720704,2024-01-29 14:38:57
1153,1153,1706539139,3,,,2024-01-29 14:38:59
1154,1154,1706539141,10,14.722152533992496,44.16637591653237,2024-01-29 14:39:01
1155,1155,1706539143,6,11.249902054315063,10.624736656385632,2024-01-29 14:39:03
1156,1156,1706539144,6,11.245125116664884,41.55748598851975,2024-01-29 14:39:04
1157,1157,1706539145,2,21.11102590135845,25.416726499383905,2024-01-29 14:39:05
1158,1158,1706539146,2,8.98791866795446,39.017890249758544,2024-01-29 14:39:06
1159,1159,1706539147,6,14.999972771518292,46.56256126408385,2024-01-29 14:39:07
1160,1160,1706539148,6,15.000068394853754,25.00008610401942,2024-01-29 14:39:08
1161,1161,1706539149,6,13.333334448059263,29.999970824616373,2024-01-29 14:39:09
1162,1162,1706539150,6,31.56265861268736,25.85949395951552,2024-01-29 14:39:10
1163,1163,1706539151,7,37.08340523851885,30.000053928889123,2024-01-29 14:39:11
1164,1164,1706539152,10,,,2024-01-29 14:39:12
1165,1165,1706539154,10,11.249336491790018,38.59382827745743,2024-01-29 14:39:14
1166,1166,1706539155,10,11.249454137303088,10.624590602977316,2024-01-29 14:39:15
1167,1167,1706539156,2,,,2024-01-29 14:39:16
1168,1168,1706539157,6,11.249020543150635,21.406066351840742,2024-01-29 14:39:17
1169,1169,1706539158,10,6.249815878708432,39.999951695835485,2024-01-29 14:39:18
1170,1170,1706539159,3,15.000181046530528,45.78375509528816,2024-01-29 14:39:19
1171,1171,1706539161,2,11.25,38.59369607111088,2024-01-29 14:39:21
1172,1172,1706539162,2,14.999605341762424,22.81264799683909,2024-01-29 14:39:22
1173,1173,1706539163,3,11.251441518440089,29.99986855129436,2024-01-29 14:39:23
1174,1174,1706539164,6,21.11075457892689,25.417083544514504,2024-01-29 14:39:24
1175,1175,1706539165,3,8.392805117594904,41.607179432517775,2024-01-29 14:39:25
1176,1176,1706539166,7,-4.16605380216442,30.00071734853437,2024-01-29 14:39:26
1177,1177,1706539167,10,15.000113962038997,26.687517094305846,2024-01-29 14:39:27
1178,1178,1706539168,6,15.417601422800969,46.251554275450566,2024-01-29 14:39:28
1179,1179,1706539169,10,33.39417597842092,27.232050844985626,2024-01-29 14:39:29
1180,1180,1706539170,6,6.25022726407348,40.00015145962004,2024-01-29 14:39:30
1181,1181,1706539171,6,15.0,45.78049584749467,2024-01-29 14:39:31
1182,1182,1706539173,3,26.040656753374638,21.719973670351823,2024-01-29 14:39:33
1183,1183,1706539174,6,21.366895406855065,20.400171555141295,2024-01-29 14:39:34
1184,1184,1706539175,2,6.250023146520853,40.0000238483962,2024-01-29 14:39:35
1185,1185,1706539176,7,8.393499156399251,41.60668968241252,2024-01-29 14:39:36
1186,1186,1706539177,10,14.175707609273443,15.002583120582704,2024-01-29 14:39:37
1187,1187,1706539178,7,11.250273579415005,10.625805651601375,2024-01-29 14:39:38
1188,1188,1706539179,10,20.836022621508285,25.000615071092533,2024-01-29 14:39:39
1189,1189,1706539181,10,11.24989108607318,33.87535134852513,2024-01-29 14:39:41
1190,1190,1706539182,10,14.998953386554478,22.128201228204126,2024-01-29 14:39:42
1191,1191,1706539183,6,137.08130012099042,15.00034188611699,2024-01-29 14:39:43
1192,1192,1706539184,10,8.607691372991894,39.584699289589736,2024-01-29 14:39:44
1193,1193,1706539186,7,29.02828233155129,29.99970330349452,2024-01-29 14:39:46
1194,1194,1706539187,10,18.195828070842538,44.584341985237366,2024-01-29 14:39:47
1195,1195,1706539189,3,70.40390211860398,25.003115616289648,2024-01-29 14:39:49
1196,1196,1706539191,3,-1.965467065408212,31.653608965840927,2024-01-29 14:39:51
1197,1197,1706539192,10,,-inf,2024-01-29 14:39:52
1198,1198,1706539194,10,5.83360068589471,30.000401028842067,2024-01-29 14:39:54
1199,1199,1706539195,6,,,2024-01-29 14:39:55
1200,1200,1706539196,6,3.926885008924714,36.07214016908786,2024-01-29 14:39:56
1201,1201,1706539197,2,29.030201858034665,29.99881882993691,2024-01-29 14:39:57
1202,1202,1706539198,10,11.25004908912688,30.000192696683328,2024-01-29 14:39:58
1203,1203,1706539199,10,14.169854003124716,15.002390502343536,2024-01-29 14:39:59
1204,1204,1706539200,3,14.584083327700682,46.25109219536567,2024-01-29 14:40:00
1205,1205,1706539201,6,15.000136465674233,22.10900224438007,2024-01-29 14:40:01
1206,1206,1706539202,3,18.194458964751647,15.416648936950889,2024-01-29 14:40:02
1207,1207,1706539203,10,11.442466350680249,38.55814445664299,2024-01-29 14:40:03
1208,1208,1706539205,10,30.417671062956188,25.000211444237735,2024-01-29 14:40:05
1209,1209,1706539207,3,15.0,34.99880191074347,2024-01-29 14:40:07
1210,1210,1706539208,7,9.711631235887154,40.86537177101079,2024-01-29 14:40:08
1211,1211,1706539209,2,11.250332541844248,12.812749406383189,2024-01-29 14:40:09
1212,1212,1706539210,7,25.340932052672063,28.238639807900807,2024-01-29 14:40:10
1213,1213,1706539211,7,20.833949051982646,25.00023089449349,2024-01-29 14:40:11
1214,1214,1706539212,3,37.083337671500665,29.999919301898046,2024-01-29 14:40:12
1215,1215,1706539213,10,11.250132387292703,21.406261937609496,2024-01-29 14:40:13
1216,1216,1706539215,3,,,2024-01-29 14:40:15
1217,1217,1706539216,6,,,2024-01-29 14:40:16
1218,1218,1706539218,3,14.185820976247086,44.98801910743464,2024-01-29 14:40:18
1219,1219,1706539219,10,37.08523748410804,29.999764883864124,2024-01-29 14:40:19
1220,1220,1706539220,2,15.0,30.46875988988352,2024-01-29 14:40:20
1221,1221,1706539221,2,18.33357393622593,14.99974168794173,2024-01-29 14:40:21
1222,1222,1706539222,6,,,2024-01-29 14:40:22
1223,1223,1706539223,10,11.25004335941523,29.999990274872125,2024-01-29 14:40:23
1224,1224,1706539224,10,11.6666753588977,24.99996119163768,2024-01-29 14:40:24
1225,1225,1706539225,3,18.333527835890862,15.000000000000004,2024-01-29 14:40:25
1226,1226,1706539226,7,31.562411290185658,25.859455038139814,2024-01-29 14:40:26
1227,1227,1706539227,10,,,2024-01-29 14:40:27
1228,1228,1706539228,3,,,2024-01-29 14:40:28
1229,1229,1706539229,6,,,2024-01-29 14:40:29
1230,1230,1706539230,10,-8.750002141161929,33.437500790951965,2024-01-29 14:40:30
1231,1231,1706539231,2,17.082501983409966,14.99875000704762,2024-01-29 14:40:31
1232,1232,1706539232,10,15.000015748934146,42.187511811700624,2024-01-29 14:40:32
1233,1233,1706539233,10,8.889008730864713,34.58329738074058,2024-01-29 14:40:33
1234,1234,1706539234,2,9.714536664974275,40.866167263066735,2024-01-29 14:40:34
1235,1235,1706539235,10,33.39278202931108,27.23216539120668,2024-01-29 14:40:35
1236,1236,1706539237,6,,,2024-01-29 14:40:37
1237,1237,1706539239,3,25.34077820515182,28.238600393683747,2024-01-29 14:40:39
1238,1238,1706539240,6,11.500147267380632,38.49985273261937,2024-01-29 14:40:40
1239,1239,1706539242,6,-1.964292862182589,28.34820769412523,2024-01-29 14:40:42
1240,1240,1706539243,6,17.91726775186148,15.62469487068036,2024-01-29 14:40:43
1241,1241,1706539244,3,15.41664818932558,13.750176026344842,2024-01-29 14:40:44
1242,1242,1706539245,6,,,2024-01-29 14:40:45
1243,1243,1706539246,10,18.749992446447507,38.593747798748815,2024-01-29 14:40:46
1244,1244,1706539247,10,8.333340156617044,29.999989765074435,2024-01-29 14:40:47
1245,1245,1706539248,3,18.749990904633524,38.59375830054089,2024-01-29 14:40:48
1246,1246,1706539249,3,,,2024-01-29 14:40:49
1247,1247,1706539250,2,-14.583035469349014,39.999829056941515,2024-01-29 14:40:50
1248,1248,1706539251,3,24.166709616692955,30.000012885007884,2024-01-29 14:40:51
1249,1249,1706539252,6,18.19375743795512,15.41637986384954,2024-01-29 14:40:52
1250,1250,1706539253,2,,,2024-01-29 14:40:53
1251,1251,1706539254,7,17.500376998457845,17.49984673042543,2024-01-29 14:40:54
1252,1252,1706539255,10,-16.24999350037571,34.374918489445015,2024-01-29 14:40:55
1253,1253,1706539257,7,,,2024-01-29 14:40:57
1254,1254,1706539258,7,35.00023821349615,14.9998286510428,2024-01-29 14:40:58
1255,1255,1706539259,7,5.416492433975542,25.000136107314688,2024-01-29 14:40:59
1256,1256,1706539260,10,11.666702529088942,35.000090523265264,2024-01-29 14:41:00
1257,1257,1706539262,7,14.99525658350975,25.015311388300848,2024-01-29 14:41:02
1258,1258,1706539264,7,2.32147076292674,39.01783165277068,2024-01-29 14:41:04
1259,1259,1706539265,6,,,2024-01-29 14:41:05
1260,1260,1706539266,10,2.321505820760564,39.017900228588026,2024-01-29 14:41:06
1261,1261,1706539267,10,-3.472525737185052,35.00025996238802,2024-01-29 14:41:07
1262,1262,1706539268,10,,,2024-01-29 14:41:08
1263,1263,1706539269,10,18.19420622453116,15.417288846672722,2024-01-29 14:41:09
1264,1264,1706539270,2,14.999993144274487,46.562507804476446,2024-01-29 14:41:10
1265,1265,1706539271,6,15.416790530655542,13.74977497853392,2024-01-29 14:41:11
1266,1266,1706539272,10,11.666876456133531,24.999390442652626,2024-01-29 14:41:12
1267,1267,1706539273,3,35.00238864302332,14.998208517732508,2024-01-29 14:41:13
1268,1268,1706539274,6,18.194493894028255,15.415489959088832,2024-01-29 14:41:14
1269,1269,1706539275,2,137.21334797500015,14.980594641472315,2024-01-29 14:41:15
1270,1270,1706539276,6,17.916439915299414,15.625204342152983,2024-01-29 14:41:16
1271,1271,1706539277,7,,,2024-01-29 14:41:17
1272,1272,1706539278,6,12.084207094391532,40.00196596238095,2024-01-29 14:41:18
1273,1273,1706539280,7,12.083295189830244,39.999976825169036,2024-01-29 14:41:20
1274,1274,1706539281,2,9.479152094678176,34.140655646297205,2024-01-29 14:41:21
1275,1275,1706539282,7,12.083344734282129,40.000075415250535,2024-01-29 14:41:22
1276,1276,1706539284,10,10.416446173482823,38.75016384839408,2024-01-29 14:41:24
1277,1277,1706539286,3,,,2024-01-29 14:41:26
1278,1278,1706539287,7,,,2024-01-29 14:41:27
1279,1279,1706539290,6,10.417111108605289,38.74991666713651,2024-01-29 14:41:30
1280,1280,1706539292,2,,,2024-01-29 14:41:32
1281,1281,1706539293,6,9.998121432209302,40.00197954087073,2024-01-29 14:41:33
1282,1282,1706539294,7,,,2024-01-29 14:41:34
1283,1283,1706539298,10,10.000146261646076,39.99971026864705,2024-01-29 14:41:38
1284,1284,1706539302,3,10.002581827557474,39.99610056417964,2024-01-29 14:41:42
